chromosome,read interval,reads,length of read,result,status
chr1,"(3050011, 3050022)",1,11,['MinDist5:93453'],['F5']
chr1,"(3050920, 3050932)",1,12,['MinDist5:92543'],['F5']
chr1,"(3052677, 3052690)",1,13,['MinDist5:90785'],['F5']
chr1,"(3053444, 3053456)",1,12,['MinDist5:90019'],['F5']
chr1,"(3058388, 3058400)",1,12,['MinDist5:85075'],['F5']
chr1,"(3066599, 3066613)",3,14,['MinDist5:76862'],['F5']
chr1,"(3067253, 3067264)",1,11,['MinDist5:76211'],['F5']
chr1,"(3072485, 3072497)",1,12,['MinDist5:70978'],['F5']
chr1,"(3077828, 3077851)",3,23,['MinDist5:65624'],['F5']
chr1,"(3078097, 3078108)",1,11,['MinDist5:65367'],['F5']
chr1,"(3080677, 3080690)",1,13,['MinDist5:62785'],['F5']
chr1,"(3081334, 3081345)",1,11,['MinDist5:62130'],['F5']
chr1,"(3081883, 3081895)",2,12,['MinDist5:61580'],['F5']
chr1,"(3082863, 3082873)",1,10,['MinDist5:60602'],['F5']
chr1,"(3087147, 3087159)",1,12,['MinDist5:56316'],['F5']
chr1,"(3087409, 3087421)",1,12,['MinDist5:56054'],['F5']
chr1,"(3088419, 3088432)",1,13,['MinDist5:55043'],['F5']
chr1,"(3090047, 3090059)",2,12,['MinDist5:53416'],['F5']
chr1,"(3090757, 3090768)",1,11,['MinDist5:52707'],['F5']
chr1,"(3091741, 3091751)",6,10,['MinDist5:51724'],['F5']
chr1,"(3092791, 3092804)",1,13,['MinDist5:50671'],['F5']
chr1,"(3099838, 3099849)",1,11,['MinDist5:43626'],['F5']
chr1,"(3102557, 3102571)",1,14,['MinDist5:40904'],['F5']
chr1,"(3103309, 3103322)",1,13,['MinDist5:40153'],['F5']
chr1,"(3104621, 3104636)",1,15,['MinDist5:38839'],['F5']
chr1,"(3104715, 3104727)",1,12,['MinDist5:38748'],['F5']
chr1,"(3105385, 3105396)",1,11,['MinDist5:38079'],['F5']
chr1,"(3108242, 3108252)",1,10,['MinDist5:35223'],['F5']
chr1,"(3109636, 3109647)",1,11,['MinDist5:33828'],['F5']
chr1,"(3115926, 3115936)",1,10,['MinDist5:27539'],['F5']
chr1,"(3117656, 3117669)",1,13,['MinDist5:25806'],['F5']
chr1,"(3119382, 3119399)",2,17,['MinDist5:24076'],['F5']
chr1,"(3123301, 3123316)",1,15,['MinDist5:20159'],['F5']
chr1,"(3123982, 3123993)",1,11,['MinDist5:19482'],['F5']
chr1,"(3124606, 3124616)",1,10,['MinDist5:18859'],['F5']
chr1,"(3126990, 3127000)",1,10,['MinDist5:16475'],['F5']
chr1,"(3127135, 3127146)",1,11,['MinDist5:16329'],['F5']
chr1,"(3127295, 3127310)",3,15,['MinDist5:16165'],['F5']
chr1,"(3127470, 3127481)",2,11,['MinDist5:15994'],['F5']
chr1,"(3127938, 3127949)",1,11,['MinDist5:15526'],['F5']
chr1,"(3128423, 3128435)",1,12,['MinDist5:15040'],['F5']
chr1,"(3128946, 3128973)",1,27,['MinDist5:14502'],['F5']
chr1,"(3129458, 3129469)",1,11,['MinDist5:14006'],['F5']
chr1,"(3130660, 3130671)",1,11,['MinDist5:12804'],['F5']
chr1,"(3131002, 3131013)",2,11,['MinDist5:12462'],['F5']
chr1,"(3132515, 3132527)",1,12,['MinDist5:10948'],['F5']
chr1,"(3133139, 3133151)",1,12,['MinDist5:10324'],['F5']
chr1,"(3134166, 3134176)",1,10,['MinDist5:9299'],['F5']
chr1,"(3140345, 3140357)",2,12,['MinDist5:3118'],['F5']
chr1,"(3140384, 3140397)",1,13,['MinDist5:3078'],['F5']
chr1,"(3140718, 3140728)",1,10,['MinDist5:2747'],['F5']
chr1,"(3140918, 3140929)",1,11,['MinDist5:2546'],['F5']
chr1,"(3141003, 3141014)",1,11,['MinDist5:2461'],['F5']
chr1,"(3143815, 3143826)",2,11,['4933401J01Rik-201'],['A']
chr1,"(3146193, 3146207)",1,14,['MinDist3:1648'],['F3']
chr1,"(3146423, 3146436)",1,13,['MinDist3:1878'],['F3']
chr1,"(3146853, 3146865)",2,12,['MinDist3:2308'],['F3']
chr1,"(3150256, 3150267)",1,11,['MinDist3:5711'],['F3']
chr1,"(3151465, 3151478)",1,13,['MinDist3:6920'],['F3']
chr1,"(3152498, 3152514)",1,16,['MinDist3:7953'],['F3']
chr1,"(3153980, 3153991)",1,11,['MinDist3:9435'],['F3']
chr1,"(3156700, 3156710)",1,10,['MinDist3:12155'],['F3']
chr1,"(3158300, 3158310)",1,10,['MinDist3:13755'],['F3']
chr1,"(3169154, 3169167)",1,13,['MinDist5:3071'],['F5']
chr1,"(3170530, 3170545)",1,15,['MinDist5:1693'],['F5']
chr1,"(3173190, 3173201)",1,11,['MinDist3:842'],['F3']
chr1,"(3176192, 3176203)",2,11,['MinDist3:3844'],['F3']
chr1,"(3179870, 3179881)",1,11,['MinDist3:7522'],['F3']
chr1,"(3180194, 3180205)",1,11,['MinDist3:7846'],['F3']
chr1,"(3181823, 3181835)",1,12,['MinDist3:9475'],['F3']
chr1,"(3183164, 3183175)",1,11,['MinDist3:10816'],['F3']
chr1,"(3186832, 3186846)",1,14,['MinDist3:14484'],['F3']
chr1,"(3187599, 3187612)",1,13,['MinDist3:15251'],['F3']
chr1,"(3188486, 3188498)",1,12,['MinDist3:16138'],['F3']
chr1,"(3188707, 3188719)",1,12,['MinDist3:16359'],['F3']
chr1,"(3190213, 3190223)",1,10,['MinDist3:17865'],['F3']
chr1,"(3190538, 3190548)",1,10,['MinDist3:18190'],['F3']
chr1,"(3194746, 3194757)",1,11,['MinDist3:22398'],['F3']
chr1,"(3194785, 3194799)",5,14,['MinDist3:22437'],['F3']
chr1,"(3197442, 3197452)",2,10,['MinDist3:25094'],['F3']
chr1,"(3197820, 3197831)",2,11,['MinDist3:25472'],['F3']
chr1,"(3198657, 3198671)",1,14,['MinDist3:26309'],['F3']
chr1,"(3203470, 3203486)",1,16,['MinDist3:31122'],['F3']
chr1,"(3203770, 3203783)",2,13,['MinDist3:31422'],['F3']
chr1,"(3204236, 3204249)",1,13,['MinDist3:31888'],['F3']
chr1,"(3205074, 3205086)",1,12,['MinDist3:32726'],['F3']
chr1,"(3206403, 3206414)",1,11,['MinDist3:34055'],['F3']
chr1,"(3209903, 3209918)",1,15,['MinDist3:37555'],['F3']
chr1,"(3213341, 3213352)",1,11,['MinDist3:40993'],['F3']
chr1,"(3214519, 3214529)",1,10,['MinDist3:42171'],['F3']
chr1,"(3215734, 3215744)",1,10,['MinDist3:43386'],['F3']
chr1,"(3216469, 3216478)",1,9,['MinDist3:44121'],['F3']
chr1,"(3217061, 3217072)",1,11,['MinDist3:44713'],['F3']
chr1,"(3217477, 3217488)",1,11,['MinDist3:45129'],['F3']
chr1,"(3217552, 3217576)",1,24,['MinDist3:45204'],['F3']
chr1,"(3218047, 3218058)",1,11,['MinDist3:45699'],['F3']
chr1,"(3218067, 3218078)",1,11,['MinDist3:45719'],['F3']
chr1,"(3219785, 3219795)",1,10,['MinDist3:47437'],['F3']
chr1,"(3220243, 3220254)",1,11,['MinDist3:47895'],['F3']
chr1,"(3224690, 3224700)",2,10,['MinDist3:52342'],['F3']
chr1,"(3231941, 3231953)",2,12,['MinDist3:59593'],['F3']
chr1,"(3236706, 3236719)",1,13,['MinDist3:64358'],['F3']
chr1,"(3237669, 3237680)",3,11,['MinDist3:65321'],['F3']
chr1,"(3239424, 3239434)",1,10,['MinDist3:67076'],['F3']
chr1,"(3239657, 3239672)",2,15,['MinDist3:67309'],['F3']
chr1,"(3240713, 3240726)",2,13,['MinDist3:68365'],['F3']
chr1,"(3241029, 3241052)",1,23,['MinDist3:68681'],['F3']
chr1,"(3244389, 3244399)",2,10,['MinDist3:72041'],['F3']
chr1,"(3246950, 3246963)",1,13,['MinDist3:74602'],['F3']
chr1,"(3248375, 3248399)",1,24,['MinDist5:74580'],['F5']
chr1,"(3250582, 3250593)",1,11,['MinDist5:72386'],['F5']
chr1,"(3251629, 3251639)",1,10,['MinDist5:71340'],['F5']
chr1,"(3252235, 3252248)",1,13,['MinDist5:70731'],['F5']
chr1,"(3253035, 3253045)",2,10,['MinDist5:69934'],['F5']
chr1,"(3254166, 3254176)",1,10,['MinDist5:68803'],['F5']
chr1,"(3255311, 3255325)",1,14,['MinDist5:67654'],['F5']
chr1,"(3256586, 3256597)",5,11,['MinDist5:66382'],['F5']
chr1,"(3258671, 3258682)",2,11,['MinDist5:64297'],['F5']
chr1,"(3260060, 3260073)",1,13,['MinDist5:62906'],['F5']
chr1,"(3260969, 3260980)",6,11,['MinDist5:61999'],['F5']
chr1,"(3261597, 3261611)",2,14,['MinDist5:61368'],['F5']
chr1,"(3261685, 3261700)",1,15,['MinDist5:61279'],['F5']
chr1,"(3261729, 3261741)",1,12,['MinDist5:61238'],['F5']
chr1,"(3262541, 3262554)",1,13,['MinDist5:60425'],['F5']
chr1,"(3263603, 3263615)",1,12,['MinDist5:59364'],['F5']
chr1,"(3263778, 3263788)",1,10,['MinDist5:59191'],['F5']
chr1,"(3264266, 3264278)",1,12,['MinDist5:58701'],['F5']
chr1,"(3264453, 3264463)",1,10,['MinDist5:58516'],['F5']
chr1,"(3265156, 3265170)",1,14,['MinDist5:57809'],['F5']
chr1,"(3265293, 3265305)",1,12,['MinDist5:57674'],['F5']
chr1,"(3266872, 3266885)",2,13,['MinDist5:56094'],['F5']
chr1,"(3267834, 3267844)",1,10,['MinDist5:55135'],['F5']
chr1,"(3268433, 3268446)",1,13,['MinDist5:54533'],['F5']
chr1,"(3268638, 3268649)",1,11,['MinDist5:54330'],['F5']
chr1,"(3270306, 3270318)",1,12,['MinDist5:52661'],['F5']
chr1,"(3270779, 3270791)",1,12,['MinDist5:52188'],['F5']
chr1,"(3271005, 3271023)",2,18,['MinDist5:51956'],['F5']
chr1,"(3272380, 3272392)",1,12,['MinDist5:50587'],['F5']
chr1,"(3272926, 3272952)",2,26,['MinDist5:50027'],['F5']
chr1,"(3273725, 3273742)",2,17,['MinDist5:49237'],['F5']
chr1,"(3273795, 3273818)",1,23,['MinDist5:49161'],['F5']
chr1,"(3275058, 3275078)",2,20,['MinDist5:47901'],['F5']
chr1,"(3275155, 3275183)",1,28,['MinDist5:47796'],['F5']
chr1,"(3276031, 3276059)",1,28,['MinDist5:46920'],['F5']
chr1,"(3276192, 3276220)",1,28,['MinDist5:46759'],['F5']
chr1,"(3276434, 3276460)",1,26,['MinDist5:46519'],['F5']
chr1,"(3277080, 3277105)",1,25,['MinDist5:45874'],['F5']
chr1,"(3277424, 3277446)",2,22,['MinDist5:45533'],['F5']
chr1,"(3277813, 3277823)",3,10,['MinDist5:45156'],['F5']
chr1,"(3278548, 3278561)",1,13,['MinDist5:44418'],['F5']
chr1,"(3279665, 3279691)",1,26,['MinDist5:43288'],['F5']
chr1,"(3279702, 3279730)",1,28,['MinDist5:43249'],['F5']
chr1,"(3279862, 3279875)",1,13,['MinDist5:43104'],['F5']
chr1,"(3281039, 3281067)",1,28,['MinDist5:41912'],['F5']
chr1,"(3281234, 3281249)",1,15,['MinDist5:41730'],['F5']
chr1,"(3282112, 3282140)",1,28,['MinDist5:40839'],['F5']
chr1,"(3282279, 3282293)",1,14,['MinDist5:40686'],['F5']
chr1,"(3282419, 3282431)",1,12,['MinDist5:40548'],['F5']
chr1,"(3282459, 3282471)",1,12,['MinDist5:40508'],['F5']
chr1,"(3282517, 3282528)",3,11,['MinDist5:40451'],['F5']
chr1,"(3282595, 3282617)",2,22,['MinDist5:40362'],['F5']
chr1,"(3282736, 3282747)",1,11,['MinDist5:40232'],['F5']
chr1,"(3283140, 3283155)",1,15,['MinDist5:39824'],['F5']
chr1,"(3285603, 3285631)",1,28,['MinDist5:37348'],['F5']
chr1,"(3286921, 3286944)",1,23,['MinDist5:36035'],['F5']
chr1,"(3286933, 3286949)",1,16,['MinDist5:36030'],['F5']
chr1,"(3287002, 3287026)",1,24,['MinDist5:35953'],['F5']
chr1,"(3287603, 3287617)",1,14,['MinDist5:35362'],['F5']
chr1,"(3289726, 3289738)",1,12,['MinDist5:33241'],['F5']
chr1,"(3290556, 3290566)",2,10,['MinDist5:32413'],['F5']
chr1,"(3291382, 3291393)",2,11,['MinDist5:31586'],['F5']
chr1,"(3291675, 3291691)",1,16,['MinDist5:31288'],['F5']
chr1,"(3292254, 3292266)",1,12,['MinDist5:30713'],['F5']
chr1,"(3293016, 3293040)",1,24,['MinDist5:29939'],['F5']
chr1,"(3296213, 3296241)",1,28,['MinDist5:26738'],['F5']
chr1,"(3296243, 3296255)",1,12,['MinDist5:26724'],['F5']
chr1,"(3298465, 3298480)",1,15,['MinDist5:24499'],['F5']
chr1,"(3298719, 3298732)",1,13,['MinDist5:24247'],['F5']
chr1,"(3299514, 3299527)",1,13,['MinDist5:23452'],['F5']
chr1,"(3300071, 3300095)",1,24,['MinDist5:22884'],['F5']
chr1,"(3302335, 3302349)",1,14,['MinDist5:20630'],['F5']
chr1,"(3302539, 3302553)",3,14,['MinDist5:20426'],['F5']
chr1,"(3303742, 3303754)",1,12,['MinDist5:19225'],['F5']
chr1,"(3304558, 3304569)",1,11,['MinDist5:18410'],['F5']
chr1,"(3305247, 3305258)",5,11,['MinDist5:17721'],['F5']
chr1,"(3307817, 3307830)",1,13,['MinDist5:15149'],['F5']
chr1,"(3311693, 3311717)",1,24,['MinDist5:11262'],['F5']
chr1,"(3311766, 3311775)",1,9,['MinDist5:11204'],['F5']
chr1,"(3314870, 3314883)",1,13,['MinDist5:8096'],['F5']
chr1,"(3317002, 3317012)",1,10,['MinDist5:5967'],['F5']
chr1,"(3317362, 3317372)",1,10,['MinDist5:5607'],['F5']
chr1,"(3317894, 3317904)",1,10,['MinDist5:5075'],['F5']
chr1,"(3319458, 3319469)",1,11,['MinDist5:3510'],['F5']
chr1,"(3319547, 3319558)",1,11,['MinDist5:3421'],['F5']
chr1,"(3320019, 3320041)",1,22,['MinDist5:2938'],['F5']
chr1,"(3320112, 3320123)",1,11,['MinDist5:2856'],['F5']
chr1,"(3320260, 3320278)",1,18,['MinDist5:2701'],['F5']
chr1,"(3320449, 3320462)",2,13,['MinDist5:2517'],['F5']
chr1,"(3320665, 3320688)",1,23,['MinDist5:2291'],['F5']
chr1,"(3321490, 3321515)",1,25,['MinDist5:1464'],['F5']
chr1,"(3321912, 3321925)",3,13,['MinDist5:1054'],['F5']
chr1,"(3323025, 3323038)",2,13,['Gm18956-201'],['A']
chr1,"(3323338, 3323347)",1,9,['Gm18956-201'],['A']
chr1,"(3323720, 3323730)",1,10,['MinDist3:261'],['3T']
chr1,"(3324095, 3324106)",1,11,['MinDist3:636'],['F3']
chr1,"(3324409, 3324437)",1,28,['MinDist3:950'],['F3']
chr1,"(3324635, 3324653)",1,18,['MinDist3:1176'],['F3']
chr1,"(3324696, 3324720)",1,24,['MinDist3:1237'],['F3']
chr1,"(3325109, 3325126)",1,17,['MinDist3:1650'],['F3']
chr1,"(3326562, 3326572)",1,10,['MinDist3:3103'],['F3']
chr1,"(3326851, 3326864)",2,13,['MinDist3:3392'],['F3']
chr1,"(3327186, 3327198)",2,12,['MinDist3:3727'],['F3']
chr1,"(3327340, 3327350)",1,10,['MinDist3:3881'],['F3']
chr1,"(3327625, 3327636)",2,11,['MinDist3:4166'],['F3']
chr1,"(3328069, 3328082)",1,13,['MinDist3:4610'],['F3']
chr1,"(3331051, 3331064)",1,13,['MinDist3:7592'],['F3']
chr1,"(3332232, 3332245)",1,13,['MinDist3:8773'],['F3']
chr1,"(3333977, 3333988)",1,11,['MinDist3:10518'],['F3']
chr1,"(3334326, 3334339)",7,13,['MinDist3:10867'],['F3']
chr1,"(3334326, 3334351)",1,25,['MinDist3:10867'],['F3']
chr1,"(3334957, 3334967)",1,10,['MinDist3:11498'],['F3']
chr1,"(3335444, 3335457)",1,13,['MinDist3:11985'],['F3']
chr1,"(3335702, 3335713)",2,11,['MinDist3:12243'],['F3']
chr1,"(3336487, 3336499)",1,12,['MinDist3:13028'],['F3']
chr1,"(3336670, 3336682)",1,12,['MinDist3:13211'],['F3']
chr1,"(3337245, 3337273)",1,28,['MinDist3:13786'],['F3']
chr1,"(3337902, 3337915)",1,13,['MinDist3:14443'],['F3']
chr1,"(3339500, 3339513)",1,13,['MinDist3:16041'],['F3']
chr1,"(3339688, 3339699)",1,11,['MinDist3:16229'],['F3']
chr1,"(3340875, 3340885)",1,10,['MinDist3:17416'],['F3']
chr1,"(3341430, 3341441)",2,11,['MinDist3:17971'],['F3']
chr1,"(3345613, 3345623)",1,10,['MinDist3:22154'],['F3']
chr1,"(3346071, 3514612)",1,168541,[],['S']
chr1,"(3346445, 3346457)",6,12,['MinDist3:22986'],['F3']
chr1,"(3346519, 3346539)",1,20,['MinDist3:23060'],['F3']
chr1,"(3347387, 3347398)",1,11,['MinDist3:23928'],['F3']
chr1,"(3347795, 3347813)",1,18,['MinDist3:24336'],['F3']
chr1,"(3349208, 3349221)",1,13,['MinDist3:25749'],['F3']
chr1,"(3349379, 3349390)",1,11,['MinDist3:25920'],['F3']
chr1,"(3350416, 3350437)",1,21,['MinDist3:26957'],['F3']
chr1,"(3353554, 3353565)",1,11,['MinDist3:30095'],['F3']
chr1,"(3353603, 3353618)",1,15,['MinDist3:30144'],['F3']
chr1,"(3353927, 3353939)",1,12,['MinDist3:30468'],['F3']
chr1,"(3354031, 3354059)",1,28,['MinDist3:30572'],['F3']
chr1,"(3354902, 3354930)",1,28,['MinDist3:31443'],['F3']
chr1,"(3356052, 3356080)",2,28,['MinDist3:32593'],['F3']
chr1,"(3357106, 3357119)",1,13,['MinDist3:33647'],['F3']
chr1,"(3358011, 3358032)",1,21,['MinDist3:34552'],['F3']
chr1,"(3358112, 3358123)",2,11,['MinDist3:34653'],['F3']
chr1,"(3358359, 3358367)",1,8,['MinDist3:34900'],['F3']
chr1,"(3359350, 3359360)",1,10,['MinDist3:35891'],['F3']
chr1,"(3360426, 3360440)",1,14,['MinDist3:36967'],['F3']
chr1,"(3360435, 3360446)",3,11,['MinDist3:36976'],['F3']
chr1,"(3360704, 3360732)",1,28,['MinDist3:37245'],['F3']
chr1,"(3360932, 3360942)",2,10,['MinDist3:37473'],['F3']
chr1,"(3363420, 3363438)",1,18,['MinDist3:39961'],['F3']
chr1,"(3363680, 3363692)",1,12,['MinDist3:40221'],['F3']
chr1,"(3364990, 3365001)",1,11,['MinDist3:41531'],['F3']
chr1,"(3365754, 3365766)",2,12,['MinDist3:42295'],['F3']
chr1,"(3365866, 3365877)",1,11,['MinDist3:42407'],['F3']
chr1,"(3366236, 3366248)",1,12,['MinDist3:42777'],['F3']
chr1,"(3367724, 3367749)",1,25,['MinDist3:44265'],['F3']
chr1,"(3368797, 3368823)",2,26,['MinDist3:45338'],['F3']
chr1,"(3369181, 3369209)",1,28,['MinDist3:45722'],['F3']
chr1,"(3369252, 3369263)",1,11,['MinDist3:45793'],['F3']
chr1,"(3370401, 3370412)",1,11,['MinDist3:46942'],['F3']
chr1,"(3370404, 3370422)",2,18,['MinDist3:46945'],['F3']
chr1,"(3370549, 3370560)",1,11,['MinDist3:47090'],['F3']
chr1,"(3371255, 3371268)",1,13,['MinDist3:47796'],['F3']
chr1,"(3373191, 3373214)",1,23,['MinDist3:49732'],['F3']
chr1,"(3373589, 3373600)",2,11,['MinDist3:50130'],['F3']
chr1,"(3373589, 3373602)",1,13,['MinDist3:50130'],['F3']
chr1,"(3374037, 3374048)",1,11,['MinDist3:50578'],['F3']
chr1,"(3379939, 3379950)",3,11,['MinDist3:56480'],['F3']
chr1,"(3380387, 3380415)",1,28,['MinDist3:56928'],['F3']
chr1,"(3380400, 3380415)",2,15,['MinDist3:56941'],['F3']
chr1,"(3381410, 3381421)",1,11,['MinDist3:57951'],['F3']
chr1,"(3381643, 3381666)",1,23,['MinDist3:58184'],['F3']
chr1,"(3382149, 3382163)",4,14,['MinDist3:58690'],['F3']
chr1,"(3382831, 3382859)",1,28,['MinDist3:59372'],['F3']
chr1,"(3383118, 3383128)",1,10,['MinDist3:59659'],['F3']
chr1,"(3384221, 3384237)",5,16,['MinDist3:60762'],['F3']
chr1,"(3384413, 3384426)",1,13,['MinDist3:60954'],['F3']
chr1,"(3384792, 3384812)",1,20,['MinDist3:61333'],['F3']
chr1,"(3388267, 3388278)",1,11,['MinDist3:64808'],['F3']
chr1,"(3388643, 3388653)",1,10,['MinDist3:65184'],['F3']
chr1,"(3389125, 3389137)",2,12,['MinDist3:65666'],['F3']
chr1,"(3389159, 3389187)",1,28,['MinDist3:65700'],['F3']
chr1,"(3389755, 3389783)",1,28,['MinDist3:66296'],['F3']
chr1,"(3390971, 3390982)",3,11,['MinDist3:67512'],['F3']
chr1,"(3391054, 3391067)",2,13,['MinDist3:67595'],['F3']
chr1,"(3391175, 3391201)",1,26,['MinDist3:67716'],['F3']
chr1,"(3391580, 3391598)",2,18,['MinDist3:68121'],['F3']
chr1,"(3391651, 3391662)",1,11,['MinDist3:68192'],['F3']
chr1,"(3392170, 3392182)",1,12,['MinDist3:68711'],['F3']
chr1,"(3392342, 3392354)",1,12,['MinDist3:68883'],['F3']
chr1,"(3393471, 3393482)",1,11,['MinDist3:70012'],['F3']
chr1,"(3394895, 3394923)",1,28,['MinDist3:71436'],['F3']
chr1,"(3395107, 3395130)",2,23,['MinDist3:71648'],['F3']
chr1,"(3396838, 3396849)",1,11,['MinDist3:73379'],['F3']
chr1,"(3397117, 3397135)",1,18,['MinDist3:73658'],['F3']
chr1,"(3397836, 3397864)",1,28,['MinDist3:74377'],['F3']
chr1,"(3399664, 3399692)",1,28,['MinDist3:76205'],['F3']
chr1,"(3400540, 3400550)",1,10,['MinDist3:77081'],['F3']
chr1,"(3402081, 3402096)",1,15,['MinDist3:78622'],['F3']
chr1,"(3402346, 3402356)",1,10,['MinDist3:78887'],['F3']
chr1,"(3402528, 3402541)",1,13,['MinDist3:79069'],['F3']
chr1,"(3402676, 3402694)",1,18,['MinDist3:79217'],['F3']
chr1,"(3403037, 3403048)",1,11,['MinDist3:79578'],['F3']
chr1,"(3403262, 3403272)",1,10,['MinDist3:79803'],['F3']
chr1,"(3404171, 3404182)",1,11,['MinDist3:80712'],['F3']
chr1,"(3404179, 3404203)",1,24,['MinDist3:80720'],['F3']
chr1,"(3404363, 3404374)",1,11,['MinDist3:80904'],['F3']
chr1,"(3405392, 3405407)",4,15,['MinDist3:81933'],['F3']
chr1,"(3405565, 3405577)",4,12,['MinDist3:82106'],['F3']
chr1,"(3407347, 3407358)",1,11,['MinDist3:83888'],['F3']
chr1,"(3407772, 3407782)",1,10,['MinDist3:84313'],['F3']
chr1,"(3408792, 3408804)",1,12,['MinDist3:85333'],['F3']
chr1,"(3410093, 3410104)",1,11,['MinDist3:86634'],['F3']
chr1,"(3410610, 3410620)",1,10,['MinDist3:87151'],['F3']
chr1,"(3410662, 3410675)",1,13,['MinDist3:87203'],['F3']
chr1,"(3411392, 3411403)",1,11,['MinDist3:87933'],['F3']
chr1,"(3411411, 3411431)",1,20,['MinDist3:87952'],['F3']
chr1,"(3411557, 3411568)",1,11,['MinDist3:88098'],['F3']
chr1,"(3414298, 3414318)",1,20,['MinDist3:90839'],['F3']
chr1,"(3416437, 3416465)",1,28,['MinDist3:92978'],['F3']
chr1,"(3416462, 3416474)",1,12,['MinDist3:93003'],['F3']
chr1,"(3416954, 3416966)",10,12,['MinDist3:93495'],['F3']
chr1,"(3421047, 3421075)",1,28,['MinDist3:97588'],['F3']
chr1,"(3421356, 3421370)",1,14,['MinDist3:97897'],['F3']
chr1,"(3421849, 3421872)",1,23,['MinDist3:98390'],['F3']
chr1,"(3421950, 3421962)",4,12,['MinDist3:98491'],['F3']
chr1,"(3422618, 3422629)",3,11,['MinDist3:99159'],['F3']
chr1,"(3422646, 3422673)",3,27,['MinDist3:99187'],['F3']
chr1,"(3422756, 3422767)",1,11,['MinDist3:99297'],['F3']
chr1,"(3422960, 3422970)",1,10,['MinDist3:99501'],['F3']
chr1,"(3423669, 3423679)",1,10,['MinDist3:100210'],['F3']
chr1,"(3423703, 3423716)",1,13,['MinDist3:100244'],['F3']
chr1,"(3423869, 3423880)",1,11,['MinDist3:100410'],['F3']
chr1,"(3424405, 3424433)",1,28,['MinDist3:100946'],['F3']
chr1,"(3425082, 3425105)",3,23,['MinDist3:101623'],['F3']
chr1,"(3425381, 3425394)",1,13,['MinDist3:101922'],['F3']
chr1,"(3425552, 3425563)",2,11,['MinDist3:102093'],['F3']
chr1,"(3425702, 3425723)",1,21,['MinDist3:102243'],['F3']
chr1,"(3426363, 3426381)",1,18,['MinDist3:102904'],['F3']
chr1,"(3426438, 3426464)",1,26,['MinDist3:102979'],['F3']
chr1,"(3426442, 3426470)",1,28,['MinDist3:102983'],['F3']
chr1,"(3426554, 3426571)",1,17,['MinDist3:103095'],['F3']
chr1,"(3427027, 3427042)",1,15,['MinDist3:103568'],['F3']
chr1,"(3427135, 3427148)",3,13,['MinDist3:103676'],['F3']
chr1,"(3427487, 3427515)",1,28,['MinDist3:104028'],['F3']
chr1,"(3427601, 3427625)",1,24,['MinDist3:104142'],['F3']
chr1,"(3428092, 3428103)",1,11,['MinDist3:104633'],['F3']
chr1,"(3429959, 3429976)",3,17,['MinDist3:106500'],['F3']
chr1,"(3432016, 3432044)",1,28,['MinDist5:104765'],['F5']
chr1,"(3432256, 3432268)",2,12,['MinDist5:104541'],['F5']
chr1,"(3433028, 3433038)",1,10,['MinDist5:103771'],['F5']
chr1,"(3433452, 3433464)",1,12,['MinDist5:103345'],['F5']
chr1,"(3433804, 3433831)",1,27,['MinDist5:102978'],['F5']
chr1,"(3434147, 3434164)",1,17,['MinDist5:102645'],['F5']
chr1,"(3435198, 3435220)",1,22,['MinDist5:101589'],['F5']
chr1,"(3435989, 3436013)",1,24,['MinDist5:100796'],['F5']
chr1,"(3436275, 3436286)",1,11,['MinDist5:100523'],['F5']
chr1,"(3436707, 3436735)",2,28,['MinDist5:100074'],['F5']
chr1,"(3436861, 3436889)",1,28,['MinDist5:99920'],['F5']
chr1,"(3437106, 3437118)",1,12,['MinDist5:99691'],['F5']
chr1,"(3437458, 3437482)",1,24,['MinDist5:99327'],['F5']
chr1,"(3438524, 3438534)",1,10,['MinDist5:98275'],['F5']
chr1,"(3439386, 3439399)",3,13,['MinDist5:97410'],['F5']
chr1,"(3439958, 3439982)",1,24,['MinDist5:96827'],['F5']
chr1,"(3440465, 3440475)",2,10,['MinDist5:96334'],['F5']
chr1,"(3441416, 3441431)",1,15,['MinDist5:95378'],['F5']
chr1,"(3442248, 3442271)",1,23,['MinDist5:94538'],['F5']
chr1,"(3442448, 3442460)",1,12,['MinDist5:94349'],['F5']
chr1,"(3442938, 3442952)",1,14,['MinDist5:93857'],['F5']
chr1,"(3442952, 3442980)",2,28,['MinDist5:93829'],['F5']
chr1,"(3443049, 3443062)",1,13,['MinDist5:93747'],['F5']
chr1,"(3443876, 3443904)",1,28,['MinDist5:92905'],['F5']
chr1,"(3444257, 3444268)",1,11,['MinDist5:92541'],['F5']
chr1,"(3444351, 3444363)",1,12,['MinDist5:92446'],['F5']
chr1,"(3444457, 3444471)",1,14,['MinDist5:92338'],['F5']
chr1,"(3444830, 3444844)",2,14,['MinDist5:91965'],['F5']
chr1,"(3444859, 3444869)",2,10,['MinDist5:91940'],['F5']
chr1,"(3445344, 3445372)",1,28,['MinDist5:91437'],['F5']
chr1,"(3446529, 3446556)",1,27,['MinDist5:90253'],['F5']
chr1,"(3446597, 3446617)",1,20,['MinDist5:90192'],['F5']
chr1,"(3446620, 3446631)",1,11,['MinDist5:90178'],['F5']
chr1,"(3447280, 3447292)",1,12,['MinDist5:89517'],['F5']
chr1,"(3447433, 3447447)",1,14,['MinDist5:89362'],['F5']
chr1,"(3449027, 3449048)",1,21,['MinDist5:87761'],['F5']
chr1,"(3449432, 3449457)",1,25,['MinDist5:87352'],['F5']
chr1,"(3449996, 3450006)",3,10,['MinDist5:86803'],['F5']
chr1,"(3450109, 3450120)",1,11,['MinDist5:86689'],['F5']
chr1,"(3450593, 3450610)",1,17,['MinDist5:86199'],['F5']
chr1,"(3450678, 3450706)",2,28,['MinDist5:86103'],['F5']
chr1,"(3451667, 3451678)",1,11,['MinDist5:85131'],['F5']
chr1,"(3452063, 3452083)",1,20,['MinDist5:84726'],['F5']
chr1,"(3452231, 3452242)",1,11,['MinDist5:84567'],['F5']
chr1,"(3452872, 3452900)",1,28,['MinDist5:83909'],['F5']
chr1,"(3453223, 3453237)",2,14,['MinDist5:83572'],['F5']
chr1,"(3454378, 3454388)",1,10,['MinDist5:82421'],['F5']
chr1,"(3454489, 3454516)",1,27,['MinDist5:82293'],['F5']
chr1,"(3454731, 3454742)",1,11,['MinDist5:82067'],['F5']
chr1,"(3455498, 3455525)",1,27,['MinDist5:81284'],['F5']
chr1,"(3456458, 3456471)",1,13,['MinDist5:80338'],['F5']
chr1,"(3457171, 3457196)",2,25,['MinDist5:79613'],['F5']
chr1,"(3457301, 3457321)",1,20,['MinDist5:79488'],['F5']
chr1,"(3457305, 3457330)",1,25,['MinDist5:79479'],['F5']
chr1,"(3457312, 3514612)",1,57300,[],['S']
chr1,"(3457397, 3457425)",1,28,['MinDist5:79384'],['F5']
chr1,"(3457507, 3457515)",1,8,['MinDist5:79294'],['F5']
chr1,"(3457883, 3457895)",1,12,['MinDist5:78914'],['F5']
chr1,"(3458003, 3458015)",2,12,['MinDist5:78794'],['F5']
chr1,"(3458517, 3458527)",1,10,['MinDist5:78282'],['F5']
chr1,"(3458975, 3458989)",2,14,['MinDist5:77820'],['F5']
chr1,"(3459223, 3459233)",1,10,['MinDist5:77576'],['F5']
chr1,"(3459993, 3460012)",1,19,['MinDist5:76797'],['F5']
chr1,"(3460202, 3460230)",1,28,['MinDist5:76579'],['F5']
chr1,"(3460260, 3460280)",1,20,['MinDist5:76529'],['F5']
chr1,"(3461127, 3461137)",1,10,['MinDist5:75672'],['F5']
chr1,"(3461306, 3461315)",1,9,['MinDist5:75494'],['F5']
chr1,"(3461709, 3461720)",1,11,['MinDist5:75089'],['F5']
chr1,"(3461817, 3461838)",1,21,['MinDist5:74971'],['F5']
chr1,"(3464664, 3464674)",1,10,['MinDist5:72135'],['F5']
chr1,"(3464787, 3464799)",2,12,['MinDist5:72010'],['F5']
chr1,"(3465570, 3465584)",1,14,['MinDist5:71225'],['F5']
chr1,"(3465588, 3465611)",1,23,['MinDist5:71198'],['F5']
chr1,"(3466615, 3466627)",1,12,['MinDist5:70182'],['F5']
chr1,"(3467741, 3467767)",1,26,['MinDist5:69042'],['F5']
chr1,"(3467744, 3467772)",1,28,['MinDist5:69037'],['F5']
chr1,"(3467797, 3467825)",1,28,['MinDist5:68984'],['F5']
chr1,"(3468125, 3468142)",1,17,['MinDist5:68667'],['F5']
chr1,"(3468433, 3468443)",2,10,['MinDist5:68366'],['F5']
chr1,"(3468602, 3468628)",1,26,['MinDist5:68181'],['F5']
chr1,"(3468602, 3468627)",1,25,['MinDist5:68182'],['F5']
chr1,"(3468615, 3468639)",1,24,['MinDist5:68170'],['F5']
chr1,"(3469281, 3469293)",2,12,['MinDist5:67516'],['F5']
chr1,"(3469488, 3469514)",3,26,['MinDist5:67295'],['F5']
chr1,"(3469574, 3469602)",1,28,['MinDist5:67207'],['F5']
chr1,"(3469798, 3469809)",1,11,['MinDist5:67000'],['F5']
chr1,"(3470005, 3470016)",1,11,['MinDist5:66793'],['F5']
chr1,"(3470249, 3674024)",2,203775,[],['S']
chr1,"(3470726, 3470739)",1,13,['MinDist5:66070'],['F5']
chr1,"(3470959, 3470974)",2,15,['MinDist5:65835'],['F5']
chr1,"(3471062, 3471075)",1,13,['MinDist5:65734'],['F5']
chr1,"(3471128, 3471141)",1,13,['MinDist5:65668'],['F5']
chr1,"(3471469, 3471481)",1,12,['MinDist5:65328'],['F5']
chr1,"(3471580, 3471594)",1,14,['MinDist5:65215'],['F5']
chr1,"(3471757, 3471785)",1,28,['MinDist5:65024'],['F5']
chr1,"(3471972, 3471986)",4,14,['MinDist5:64823'],['F5']
chr1,"(3472116, 3472139)",1,23,['MinDist5:64670'],['F5']
chr1,"(3473513, 3473524)",2,11,['MinDist5:63285'],['F5']
chr1,"(3473747, 3473758)",1,11,['MinDist5:63051'],['F5']
chr1,"(3474273, 3474284)",1,11,['MinDist5:62525'],['F5']
chr1,"(3474906, 3474917)",1,11,['MinDist5:61892'],['F5']
chr1,"(3475843, 3475854)",2,11,['MinDist5:60955'],['F5']
chr1,"(3476747, 3476775)",1,28,['MinDist5:60034'],['F5']
chr1,"(3477338, 3477350)",1,12,['MinDist5:59459'],['F5']
chr1,"(3477388, 3477416)",1,28,['MinDist5:59393'],['F5']
chr1,"(3477933, 3477961)",3,28,['MinDist5:58848'],['F5']
chr1,"(3478095, 3478123)",1,28,['MinDist5:58686'],['F5']
chr1,"(3478176, 3478186)",2,10,['MinDist5:58623'],['F5']
chr1,"(3478390, 3478406)",2,16,['MinDist5:58403'],['F5']
chr1,"(3478407, 3478419)",2,12,['MinDist5:58390'],['F5']
chr1,"(3479083, 3479108)",1,25,['MinDist5:57701'],['F5']
chr1,"(3479321, 3479334)",1,13,['MinDist5:57475'],['F5']
chr1,"(3479738, 3479750)",1,12,['MinDist5:57059'],['F5']
chr1,"(3480054, 3480067)",1,13,['MinDist5:56742'],['F5']
chr1,"(3480062, 3480080)",1,18,['MinDist5:56729'],['F5']
chr1,"(3480076, 3480094)",1,18,['MinDist5:56715'],['F5']
chr1,"(3480098, 3480108)",1,10,['MinDist5:56701'],['F5']
chr1,"(3480446, 3480458)",1,12,['MinDist5:56351'],['F5']
chr1,"(3480673, 3480692)",1,19,['MinDist5:56117'],['F5']
chr1,"(3480675, 3480688)",3,13,['MinDist5:56121'],['F5']
chr1,"(3481066, 3481079)",1,13,['MinDist5:55730'],['F5']
chr1,"(3481122, 3481135)",1,13,['MinDist5:55674'],['F5']
chr1,"(3481510, 3481520)",1,10,['MinDist5:55289'],['F5']
chr1,"(3481530, 3481541)",1,11,['MinDist5:55268'],['F5']
chr1,"(3483592, 3483608)",1,16,['MinDist5:53201'],['F5']
chr1,"(3484770, 3484791)",1,21,['MinDist5:52018'],['F5']
chr1,"(3485142, 3485156)",1,14,['MinDist5:51653'],['F5']
chr1,"(3485335, 3485346)",1,11,['MinDist5:51463'],['F5']
chr1,"(3487600, 3487613)",1,13,['MinDist5:49196'],['F5']
chr1,"(3488350, 3488373)",1,23,['MinDist5:48436'],['F5']
chr1,"(3490374, 3490402)",1,28,['MinDist5:46407'],['F5']
chr1,"(3490730, 3490741)",2,11,['MinDist5:46068'],['F5']
chr1,"(3490858, 3490883)",2,25,['MinDist5:45926'],['F5']
chr1,"(3491032, 3491045)",1,13,['MinDist5:45764'],['F5']
chr1,"(3491033, 3491044)",1,11,['MinDist5:45765'],['F5']
chr1,"(3491534, 3491556)",1,22,['MinDist5:45253'],['F5']
chr1,"(3491535, 3491563)",1,28,['MinDist5:45246'],['F5']
chr1,"(3492191, 3492202)",1,11,['MinDist5:44607'],['F5']
chr1,"(3492452, 3492463)",1,11,['MinDist5:44346'],['F5']
chr1,"(3493841, 3493852)",1,11,['MinDist5:42957'],['F5']
chr1,"(3494393, 3494405)",1,12,['MinDist5:42404'],['F5']
chr1,"(3496106, 3496118)",2,12,['MinDist5:40691'],['F5']
chr1,"(3496499, 3496509)",2,10,['MinDist5:40300'],['F5']
chr1,"(3497520, 3497530)",1,10,['MinDist5:39279'],['F5']
chr1,"(3499207, 3499220)",1,13,['MinDist5:37589'],['F5']
chr1,"(3500391, 3500403)",1,12,['MinDist5:36406'],['F5']
chr1,"(3500435, 3500447)",1,12,['MinDist5:36362'],['F5']
chr1,"(3501777, 3501789)",1,12,['MinDist5:35020'],['F5']
chr1,"(3502079, 3502090)",1,11,['MinDist5:34719'],['F5']
chr1,"(3502462, 3502473)",1,11,['MinDist5:34336'],['F5']
chr1,"(3502463, 3502476)",1,13,['MinDist5:34333'],['F5']
chr1,"(3503381, 3503393)",1,12,['MinDist5:33416'],['F5']
chr1,"(3503523, 3503537)",1,14,['MinDist5:33272'],['F5']
chr1,"(3504288, 3504298)",1,10,['MinDist5:32511'],['F5']
chr1,"(3504517, 3504527)",1,10,['MinDist5:32282'],['F5']
chr1,"(3505903, 3505914)",1,11,['MinDist5:30895'],['F5']
chr1,"(3507549, 3507558)",1,9,['MinDist5:29251'],['F5']
chr1,"(3507818, 3507836)",2,18,['MinDist5:28973'],['F5']
chr1,"(3507934, 3507944)",1,10,['MinDist5:28865'],['F5']
chr1,"(3508293, 3508304)",1,11,['MinDist5:28505'],['F5']
chr1,"(3508293, 3508303)",1,10,['MinDist5:28506'],['F5']
chr1,"(3510833, 3510851)",1,18,['MinDist5:25958'],['F5']
chr1,"(3512246, 3512257)",1,11,['MinDist5:24552'],['F5']
chr1,"(3513971, 3513982)",1,11,['MinDist5:22827'],['F5']
chr1,"(3515709, 3515722)",1,13,['MinDist5:21087'],['F5']
chr1,"(3516358, 3516373)",1,15,['MinDist5:20436'],['F5']
chr1,"(3516522, 3516533)",1,11,['MinDist5:20276'],['F5']
chr1,"(3516522, 3516550)",1,28,['MinDist5:20259'],['F5']
chr1,"(3516522, 3516538)",1,16,['MinDist5:20271'],['F5']
chr1,"(3516789, 3516808)",1,19,['MinDist5:20001'],['F5']
chr1,"(3517189, 3517201)",1,12,['MinDist5:19608'],['F5']
chr1,"(3517358, 3517369)",1,11,['MinDist5:19440'],['F5']
chr1,"(3517884, 3517899)",1,15,['MinDist5:18910'],['F5']
chr1,"(3518713, 3518724)",1,11,['MinDist5:18085'],['F5']
chr1,"(3519750, 3519760)",1,10,['MinDist5:17049'],['F5']
chr1,"(3519953, 3519965)",2,12,['MinDist5:16844'],['F5']
chr1,"(3521543, 3521553)",1,10,['MinDist5:15256'],['F5']
chr1,"(3521979, 3521990)",1,11,['MinDist5:14819'],['F5']
chr1,"(3522364, 3522376)",1,12,['MinDist5:14433'],['F5']
chr1,"(3523679, 3523691)",1,12,['MinDist5:13118'],['F5']
chr1,"(3523990, 3524003)",1,13,['MinDist5:12806'],['F5']
chr1,"(3525740, 3525752)",1,12,['MinDist5:11057'],['F5']
chr1,"(3527255, 3527266)",1,11,['MinDist5:9543'],['F5']
chr1,"(3527440, 3527450)",2,10,['MinDist5:9359'],['F5']
chr1,"(3528565, 3528578)",1,13,['MinDist5:8231'],['F5']
chr1,"(3529057, 3529070)",1,13,['MinDist5:7739'],['F5']
chr1,"(3529203, 3529213)",1,10,['MinDist5:7596'],['F5']
chr1,"(3530954, 3530966)",1,12,['MinDist5:5843'],['F5']
chr1,"(3531265, 3531275)",1,10,['MinDist5:5534'],['F5']
chr1,"(3532391, 3532405)",3,14,['MinDist5:4404'],['F5']
chr1,"(3533949, 3533968)",1,19,['MinDist5:2841'],['F5']
chr1,"(3533956, 3533968)",3,12,['MinDist5:2841'],['F5']
chr1,"(3534724, 3534736)",1,12,['MinDist5:2073'],['F5']
chr1,"(3535914, 3535926)",1,12,['MinDist5:883'],['F5']
chr1,"(3537004, 3537017)",1,13,"[['Gm1992-201', 1, 2.0]]",['U']
chr1,"(3537436, 3537448)",1,12,"[['Gm1992-201', 1, 2.0]]",['U']
chr1,"(3538137, 3538161)",1,24,"[['Gm1992-201', 1, 2.0]]",['U']
chr1,"(3538487, 3538499)",2,12,"[['Gm1992-201', 1, 2.0]]",['U']
chr1,"(3539168, 3539180)",1,12,"[['Gm1992-201', 1, 2.0]]",['U']
chr1,"(3539517, 3539531)",1,14,"[['Gm1992-201', 1, 2.0]]",['U']
chr1,"(3539698, 3539716)",1,18,"[['Gm1992-201', 1, 2.0]]",['U']
chr1,"(3539702, 3539716)",2,14,"[['Gm1992-201', 1, 2.0]]",['U']
chr1,"(3540571, 3540582)",1,11,"[['Gm1992-201', 1, 2.0]]",['U']
chr1,"(3541104, 3541114)",1,10,"[['Gm1992-201', 1, 2.0]]",['U']
chr1,"(3542511, 3542524)",1,13,"[['Gm1992-201', 1, 2.0]]",['U']
chr1,"(3542724, 3542738)",1,14,"[['Gm1992-201', 1, 2.0]]",['U']
chr1,"(3542891, 3542903)",2,12,"[['Gm1992-201', 1, 2.0]]",['U']
chr1,"(3543052, 3543063)",2,11,"[['Gm1992-201', 1, 2.0]]",['U']
chr1,"(3543165, 3543180)",1,15,"[['Gm1992-201', 1, 2.0]]",['U']
chr1,"(3544813, 3544828)",1,15,"[['Gm1992-201', 1, 2.0]]",['U']
chr1,"(3546019, 3546033)",1,14,"[['Gm1992-201', 1, 2.0]]",['U']
chr1,"(3546138, 3546150)",1,12,"[['Gm1992-201', 1, 2.0]]",['U']
chr1,"(3546337, 3546365)",1,28,"[['Gm1992-201', 1, 2.0]]",['U']
chr1,"(3548604, 3548616)",1,12,"[['Gm1992-201', 1, 2.0]]",['U']
chr1,"(3548667, 3548678)",1,11,"[['Gm1992-201', 1, 2.0]]",['U']
chr1,"(3549100, 3549112)",1,12,"[['Gm1992-201', 1, 2.0]]",['U']
chr1,"(3549947, 3549968)",1,21,"[['Gm1992-201', 1, 2.0]]",['U']
chr1,"(3550478, 3550495)",1,17,"[['Gm1992-201', 1, 2.0]]",['U']
chr1,"(3550748, 3550758)",1,10,"[['Gm1992-201', 1, 2.0]]",['U']
chr1,"(3550857, 3550867)",2,10,"[['Gm1992-201', 1, 2.0]]",['U']
chr1,"(3551183, 3551194)",1,11,"[['Gm1992-201', 1, 2.0]]",['U']
chr1,"(3551535, 3551549)",1,14,"[['Gm1992-201', 1, 2.0]]",['U']
chr1,"(3551940, 3551957)",1,17,"[['Gm1992-201', 1, 2.0]]",['U']
chr1,"(3551951, 3551964)",1,13,"[['Gm1992-201', 1, 2.0]]",['U']
chr1,"(3552089, 3552101)",1,12,"[['Gm1992-201', 1, 2.0]]",['U']
chr1,"(3554090, 3554104)",1,14,"[['Gm1992-201', 1, 2.0]]",['U']
chr1,"(3554544, 3554567)",2,23,"[['Gm1992-201', 1, 2.0]]",['U']
chr1,"(3555005, 3555029)",1,24,"[['Gm1992-201', 1, 2.0]]",['U']
chr1,"(3555473, 3555488)",6,15,"[['Gm1992-201', 1, 2.0]]",['U']
chr1,"(3555473, 3555491)",1,18,"[['Gm1992-201', 1, 2.0]]",['U']
chr1,"(3558959, 3558985)",1,26,"[['Gm1992-201', 1, 2.0]]",['U']
chr1,"(3559490, 3561115)",1,1625,"[['Gm1992-201', 1, 2.0]]",['U']
chr1,"(3559537, 3559547)",1,10,"[['Gm1992-201', 1, 2.0]]",['U']
chr1,"(3559585, 3559612)",1,27,"[['Gm1992-201', 1, 2.0]]",['U']
chr1,"(3560164, 3560185)",1,21,"[['Gm1992-201', 1, 2.0]]",['U']
chr1,"(3561570, 3561594)",1,24,"[['Gm1992-201', 1, 2.0]]",['U']
chr1,"(3561936, 3561949)",1,13,"[['Gm1992-201', 1, 2.0]]",['U']
chr1,"(3562967, 3562978)",2,11,"[['Gm1992-201', 1, 2.0]]",['U']
chr1,"(3566932, 3635881)",3,68949,[],['S']
chr1,"(3567240, 3567252)",1,12,"[['Gm1992-201', 1, 2.0]]",['U']
chr1,"(3568817, 3568834)",1,17,"[['Gm1992-201', 1, 2.0]]",['U']
chr1,"(3568942, 3568953)",1,11,"[['Gm1992-201', 1, 2.0]]",['U']
chr1,"(3569158, 3569174)",1,16,"[['Gm1992-201', 1, 2.0]]",['U']
chr1,"(3572844, 3572854)",1,10,"[['Gm1992-201', 1, 2.0]]",['U']
chr1,"(3573033, 3573043)",1,10,"[['Gm1992-201', 1, 2.0]]",['U']
chr1,"(3574991, 3575002)",1,11,"[['Gm1992-201', 1, 2.0]]",['U']
chr1,"(3576124, 3576147)",1,23,"[['Gm1992-201', 1, 2.0]]",['U']
chr1,"(3576462, 3576473)",1,11,"[['Gm1992-201', 1, 2.0]]",['U']
chr1,"(3577697, 3577709)",1,12,"[['Gm1992-201', 1, 2.0]]",['U']
chr1,"(3579126, 3579148)",1,22,"[['Gm1992-201', 1, 2.0]]",['U']
chr1,"(3579277, 3579294)",2,17,"[['Gm1992-201', 1, 2.0]]",['U']
chr1,"(3579277, 3579289)",4,12,"[['Gm1992-201', 1, 2.0]]",['U']
chr1,"(3579587, 3579614)",1,27,"[['Gm1992-201', 1, 2.0]]",['U']
chr1,"(3581410, 3581422)",2,12,"[['Gm1992-201', 1, 2.0]]",['U']
chr1,"(3582845, 3582857)",1,12,"[['Gm1992-201', 1, 2.0]]",['U']
chr1,"(3583043, 3583066)",2,23,"[['Gm1992-201', 1, 2.0]]",['U']
chr1,"(3583069, 3583080)",3,11,"[['Gm1992-201', 1, 2.0]]",['U']
chr1,"(3583432, 3583458)",1,26,"[['Gm1992-201', 1, 2.0]]",['U']
chr1,"(3583602, 3583616)",1,14,"[['Gm1992-201', 1, 2.0]]",['U']
chr1,"(3584003, 3584015)",2,12,['MinDist3:227'],['3T']
chr1,"(3584468, 3584481)",1,13,['MinDist3:692'],['F3']
chr1,"(3585841, 3585853)",1,12,['MinDist3:2065'],['F3']
chr1,"(3586866, 3586876)",2,10,['MinDist3:3090'],['F3']
chr1,"(3588646, 3588658)",1,12,['MinDist3:4870'],['F3']
chr1,"(3589437, 3589449)",1,12,['MinDist3:5661'],['F3']
chr1,"(3590073, 3590098)",1,25,['MinDist3:6297'],['F3']
chr1,"(3590187, 3590198)",1,11,['MinDist3:6411'],['F3']
chr1,"(3590506, 3590518)",3,12,['MinDist3:6730'],['F3']
chr1,"(3591366, 3591376)",1,10,['MinDist3:7590'],['F3']
chr1,"(3591396, 3591424)",1,28,['MinDist3:7620'],['F3']
chr1,"(3592723, 3592735)",1,12,['MinDist3:8947'],['F3']
chr1,"(3592969, 3592980)",1,11,['MinDist5:9037'],['F5']
chr1,"(3594196, 3594207)",3,11,['MinDist5:7810'],['F5']
chr1,"(3594444, 3594455)",1,11,['MinDist5:7562'],['F5']
chr1,"(3594579, 3594590)",1,11,['MinDist5:7427'],['F5']
chr1,"(3597317, 3597330)",1,13,['MinDist5:4687'],['F5']
chr1,"(3597582, 3597594)",2,12,['MinDist5:4423'],['F5']
chr1,"(3597771, 3597782)",1,11,['MinDist5:4235'],['F5']
chr1,"(3597980, 3597993)",1,13,['MinDist5:4024'],['F5']
chr1,"(3598091, 3598103)",1,12,['MinDist5:3914'],['F5']
chr1,"(3599248, 3599259)",1,11,['MinDist5:2758'],['F5']
chr1,"(3599382, 3599394)",4,12,['MinDist5:2623'],['F5']
chr1,"(3599782, 3599793)",1,11,['MinDist5:2224'],['F5']
chr1,"(3602101, 3602111)",1,10,['Gm7341-201'],['A']
chr1,"(3602154, 3602180)",1,26,['Gm7341-201'],['A']
chr1,"(3602302, 3602312)",2,10,['Gm7341-201'],['A']
chr1,"(3602316, 3602327)",1,11,['Gm7341-201'],['A']
chr1,"(3603774, 3603786)",1,12,['MinDist3:831'],['F3']
chr1,"(3603791, 3603819)",1,28,['MinDist3:848'],['F3']
chr1,"(3604324, 3604336)",1,12,['MinDist3:1381'],['F3']
chr1,"(3604792, 3604813)",1,21,['MinDist3:1849'],['F3']
chr1,"(3606177, 3606194)",1,17,['MinDist3:3234'],['F3']
chr1,"(3606519, 3606529)",3,10,['MinDist3:3576'],['F3']
chr1,"(3608337, 3608349)",1,12,['MinDist3:5394'],['F3']
chr1,"(3608514, 3608526)",1,12,['MinDist3:5571'],['F3']
chr1,"(3608530, 3608552)",1,22,['MinDist3:5587'],['F3']
chr1,"(3608846, 3608856)",1,10,['MinDist3:5903'],['F3']
chr1,"(3609275, 3609287)",1,12,['MinDist3:6332'],['F3']
chr1,"(3610074, 3610088)",2,14,['MinDist3:7131'],['F3']
chr1,"(3610201, 3610215)",1,14,['MinDist3:7258'],['F3']
chr1,"(3610816, 3610844)",4,28,['MinDist3:7873'],['F3']
chr1,"(3611261, 3611272)",1,11,['MinDist3:8318'],['F3']
chr1,"(3611386, 3611407)",2,21,['MinDist3:8443'],['F3']
chr1,"(3611514, 3611524)",1,10,['MinDist3:8571'],['F3']
chr1,"(3611752, 3611770)",2,18,['MinDist3:8809'],['F3']
chr1,"(3612193, 3612221)",1,28,['MinDist3:9250'],['F3']
chr1,"(3612272, 3612297)",1,25,['MinDist3:9329'],['F3']
chr1,"(3612520, 3612530)",1,10,['MinDist3:9577'],['F3']
chr1,"(3613600, 3613613)",1,13,['MinDist3:10657'],['F3']
chr1,"(3614016, 3614044)",1,28,['MinDist3:11073'],['F3']
chr1,"(3615585, 3615596)",2,11,['MinDist3:12642'],['F3']
chr1,"(3616896, 3616910)",1,14,['MinDist3:13953'],['F3']
chr1,"(3620228, 3620252)",1,24,['MinDist3:17285'],['F3']
chr1,"(3621231, 3621259)",1,28,['MinDist3:18288'],['F3']
chr1,"(3621315, 3743237)",1,121922,[],['S']
chr1,"(3621345, 3621355)",2,10,['MinDist3:18402'],['F3']
chr1,"(3621462, 3621472)",2,10,['MinDist3:18519'],['F3']
chr1,"(3622115, 3622125)",1,10,['MinDist3:19172'],['F3']
chr1,"(3623471, 3623498)",1,27,['MinDist3:20528'],['F3']
chr1,"(3623679, 3623691)",1,12,['MinDist3:20736'],['F3']
chr1,"(3624113, 3624123)",1,10,['MinDist3:21170'],['F3']
chr1,"(3624223, 3624234)",1,11,['MinDist3:21280'],['F3']
chr1,"(3625942, 3625954)",1,12,['MinDist3:22999'],['F3']
chr1,"(3625979, 3626007)",1,28,['MinDist3:23036'],['F3']
chr1,"(3626058, 3626081)",1,23,['MinDist3:23115'],['F3']
chr1,"(3626420, 3626434)",2,14,['MinDist3:23477'],['F3']
chr1,"(3626688, 3626699)",1,11,['MinDist3:23745'],['F3']
chr1,"(3627251, 3627262)",1,11,['MinDist3:24308'],['F3']
chr1,"(3628018, 3628028)",1,10,['MinDist3:25075'],['F3']
chr1,"(3628442, 3628469)",3,27,['MinDist3:25499'],['F3']
chr1,"(3629067, 3629095)",1,28,['MinDist3:26124'],['F3']
chr1,"(3629561, 3629571)",1,10,['MinDist3:26618'],['F3']
chr1,"(3629858, 3629870)",1,12,['MinDist3:26915'],['F3']
chr1,"(3630541, 3630551)",1,10,['MinDist3:27598'],['F3']
chr1,"(3631057, 3631074)",1,17,['MinDist3:28114'],['F3']
chr1,"(3632266, 3632277)",1,11,['MinDist3:29323'],['F3']
chr1,"(3633632, 3633643)",1,11,['MinDist3:30689'],['F3']
chr1,"(3636283, 3636311)",1,28,['MinDist3:33340'],['F3']
chr1,"(3637148, 3637161)",1,13,['MinDist3:34205'],['F3']
chr1,"(3637314, 3637342)",1,28,['MinDist3:34371'],['F3']
chr1,"(3637388, 3637414)",1,26,['MinDist3:34445'],['F3']
chr1,"(3639002, 3639030)",1,28,['MinDist3:36059'],['F3']
chr1,"(3640117, 3640132)",1,15,['MinDist3:37174'],['F3']
chr1,"(3640678, 3640689)",1,11,['MinDist3:37735'],['F3']
chr1,"(3641172, 3641185)",1,13,['MinDist3:38229'],['F3']
chr1,"(3641205, 3641216)",1,11,['MinDist3:38262'],['F3']
chr1,"(3641836, 3641850)",1,14,['MinDist3:38893'],['F3']
chr1,"(3641861, 3641878)",1,17,['MinDist3:38918'],['F3']
chr1,"(3642718, 3642741)",1,23,['MinDist3:39775'],['F3']
chr1,"(3642806, 3642827)",1,21,['MinDist3:39863'],['F3']
chr1,"(3642887, 3642899)",1,12,['MinDist3:39944'],['F3']
chr1,"(3643828, 3643854)",1,26,['MinDist3:40885'],['F3']
chr1,"(3645472, 3645495)",1,23,['MinDist3:42529'],['F3']
chr1,"(3645883, 3645894)",1,11,['MinDist3:42940'],['F3']
chr1,"(3645961, 3645977)",1,16,['MinDist3:43018'],['F3']
chr1,"(3647787, 3647798)",1,11,['MinDist3:44844'],['F3']
chr1,"(3649206, 3649217)",1,11,['MinDist3:46263'],['F3']
chr1,"(3650064, 3650075)",1,11,['MinDist3:47121'],['F3']
chr1,"(3650676, 3650687)",1,11,['MinDist3:47733'],['F3']
chr1,"(3650735, 3650746)",1,11,['MinDist3:47792'],['F3']
chr1,"(3651951, 3651975)",3,24,['MinDist3:49008'],['F3']
chr1,"(3652531, 3652544)",2,13,['MinDist3:49588'],['F3']
chr1,"(3652850, 3652863)",1,13,['MinDist3:49907'],['F3']
chr1,"(3653041, 3653052)",2,11,['MinDist3:50098'],['F3']
chr1,"(3655268, 3655279)",3,11,['MinDist3:52325'],['F3']
chr1,"(3655842, 3655854)",1,12,['MinDist3:52899'],['F3']
chr1,"(3657463, 3657474)",1,11,['MinDist3:54520'],['F3']
chr1,"(3657574, 3657584)",1,10,['MinDist3:54631'],['F3']
chr1,"(3657996, 3658022)",1,26,['MinDist3:55053'],['F3']
chr1,"(3659950, 3659978)",1,28,['MinDist3:57007'],['F3']
chr1,"(3660144, 3660169)",1,25,['MinDist3:57201'],['F3']
chr1,"(3660202, 3660224)",1,22,['MinDist3:57259'],['F3']
chr1,"(3660332, 3660348)",1,16,['MinDist3:57389'],['F3']
chr1,"(3660367, 3660380)",2,13,['MinDist3:57424'],['F3']
chr1,"(3660842, 3660853)",1,11,['MinDist3:57899'],['F3']
chr1,"(3662028, 3662039)",1,11,['MinDist3:59085'],['F3']
chr1,"(3663183, 3663193)",1,10,['MinDist3:60240'],['F3']
chr1,"(3664526, 3664554)",2,28,['MinDist3:61583'],['F3']
chr1,"(3664626, 3664654)",1,28,['MinDist3:61683'],['F3']
chr1,"(3667628, 3667647)",1,19,['MinDist3:64685'],['F3']
chr1,"(3667751, 3667779)",1,28,['MinDist3:64808'],['F3']
chr1,"(3668144, 3668154)",1,10,['MinDist3:65201'],['F3']
chr1,"(3668415, 3668427)",1,12,['MinDist3:65472'],['F3']
chr1,"(3668513, 3668526)",1,13,['MinDist3:65570'],['F3']
chr1,"(3669538, 3669562)",1,24,['MinDist3:66595'],['F3']
chr1,"(3669889, 3669899)",1,10,['MinDist3:66946'],['F3']
chr1,"(3670173, 3670185)",1,12,['MinDist3:67230'],['F3']
chr1,"(3670429, 3670442)",1,13,['MinDist3:67486'],['F3']
chr1,"(3671439, 3671450)",4,11,['MinDist3:68496'],['F3']
chr1,"(3671739, 3671756)",1,17,['MinDist3:68796'],['F3']
chr1,"(3671999, 3672016)",2,17,['MinDist3:69056'],['F3']
chr1,"(3672465, 3672476)",1,11,['MinDist3:69522'],['F3']
chr1,"(3672944, 3672962)",1,18,['MinDist3:70001'],['F3']
chr1,"(3673090, 3673104)",1,14,['MinDist3:70147'],['F3']
chr1,"(3673450, 3673470)",1,20,['MinDist3:70507'],['F3']
chr1,"(3673804, 3673832)",1,28,['MinDist3:70861'],['F3']
chr1,"(3673875, 3673892)",1,17,['MinDist3:70932'],['F3']
chr1,"(3674011, 3674024)",5,13,['MinDist3:71068'],['F3']
chr1,"(3675642, 3675653)",2,11,['MinDist3:72699'],['F3']
chr1,"(3675704, 3675732)",1,28,['MinDist3:72761'],['F3']
chr1,"(3676868, 3676879)",1,11,['MinDist5:73498'],['F5']
chr1,"(3676949, 3676966)",1,17,['MinDist5:73411'],['F5']
chr1,"(3678478, 3678503)",2,25,['MinDist5:71874'],['F5']
chr1,"(3679235, 3679254)",2,19,['MinDist5:71123'],['F5']
chr1,"(3680311, 3680323)",1,12,['MinDist5:70054'],['F5']
chr1,"(3680555, 3680566)",1,11,['MinDist5:69811'],['F5']
chr1,"(3681249, 3681272)",1,23,['MinDist5:69105'],['F5']
chr1,"(3681299, 3681309)",1,10,['MinDist5:69068'],['F5']
chr1,"(3681345, 3681365)",1,20,['MinDist5:69012'],['F5']
chr1,"(3681345, 3681361)",1,16,['MinDist5:69016'],['F5']
chr1,"(3681640, 3681652)",1,12,['MinDist5:68725'],['F5']
chr1,"(3684199, 3684227)",1,28,['MinDist5:66150'],['F5']
chr1,"(3685300, 3685311)",1,11,['MinDist5:65066'],['F5']
chr1,"(3689305, 3689315)",1,10,['MinDist5:61062'],['F5']
chr1,"(3689854, 3689870)",1,16,['MinDist5:60507'],['F5']
chr1,"(3690877, 3690904)",1,27,['MinDist5:59473'],['F5']
chr1,"(3690877, 3690905)",2,28,['MinDist5:59472'],['F5']
chr1,"(3691143, 3691156)",1,13,['MinDist5:59221'],['F5']
chr1,"(3691149, 3691160)",1,11,['MinDist5:59217'],['F5']
chr1,"(3691410, 3691421)",2,11,['MinDist5:58956'],['F5']
chr1,"(3692095, 3692123)",2,28,['MinDist5:58254'],['F5']
chr1,"(3694227, 3694238)",1,11,['MinDist5:56139'],['F5']
chr1,"(3694321, 3694332)",3,11,['MinDist5:56045'],['F5']
chr1,"(3695941, 3695953)",1,12,['MinDist5:54424'],['F5']
chr1,"(3696711, 3696722)",2,11,['MinDist5:53655'],['F5']
chr1,"(3698228, 3698240)",1,12,['MinDist5:52137'],['F5']
chr1,"(3698903, 3698916)",1,13,['MinDist5:51461'],['F5']
chr1,"(3699372, 3699400)",1,28,['MinDist5:50977'],['F5']
chr1,"(3699808, 3699819)",1,11,['MinDist5:50558'],['F5']
chr1,"(3700428, 3700444)",1,16,['MinDist5:49933'],['F5']
chr1,"(3700617, 3700628)",1,11,['MinDist5:49749'],['F5']
chr1,"(3702790, 3702807)",1,17,['MinDist5:47570'],['F5']
chr1,"(3703507, 3703531)",1,24,['MinDist5:46846'],['F5']
chr1,"(3703582, 3703599)",1,17,['MinDist5:46778'],['F5']
chr1,"(3703627, 3703654)",1,27,['MinDist5:46723'],['F5']
chr1,"(3703942, 3703970)",1,28,['MinDist5:46407'],['F5']
chr1,"(3704899, 3704910)",1,11,['MinDist5:45467'],['F5']
chr1,"(3704926, 3704953)",1,27,['MinDist5:45424'],['F5']
chr1,"(3704978, 3704993)",1,15,['MinDist5:45384'],['F5']
chr1,"(3705941, 3705953)",2,12,['MinDist5:44424'],['F5']
chr1,"(3706608, 3706619)",1,11,['MinDist5:43758'],['F5']
chr1,"(3706709, 3706722)",1,13,['MinDist5:43655'],['F5']
chr1,"(3707041, 3707069)",1,28,['MinDist5:43308'],['F5']
chr1,"(3707107, 3707117)",1,10,['MinDist5:43260'],['F5']
chr1,"(3707737, 3707763)",2,26,['MinDist5:42614'],['F5']
chr1,"(3707835, 3707848)",1,13,['MinDist5:42529'],['F5']
chr1,"(3708526, 3708544)",1,18,['MinDist5:41833'],['F5']
chr1,"(3709087, 3709111)",1,24,['MinDist5:41266'],['F5']
chr1,"(3709221, 3709237)",2,16,['MinDist5:41140'],['F5']
chr1,"(3709221, 3709233)",1,12,['MinDist5:41144'],['F5']
chr1,"(3709572, 3709585)",1,13,['MinDist5:40792'],['F5']
chr1,"(3710141, 3710158)",2,17,['MinDist5:40219'],['F5']
chr1,"(3710331, 3710359)",1,28,['MinDist5:40018'],['F5']
chr1,"(3710383, 3710411)",1,28,['MinDist5:39966'],['F5']
chr1,"(3710954, 3710965)",1,11,['MinDist5:39412'],['F5']
chr1,"(3711613, 3711625)",1,12,['MinDist5:38752'],['F5']
chr1,"(3712078, 3712092)",2,14,['MinDist5:38285'],['F5']
chr1,"(3712252, 3712280)",1,28,['MinDist5:38097'],['F5']
chr1,"(3713062, 3713090)",1,28,['MinDist5:37287'],['F5']
chr1,"(3713473, 3713489)",1,16,['MinDist5:36888'],['F5']
chr1,"(3714680, 3714691)",1,11,['MinDist5:35686'],['F5']
chr1,"(3715926, 3715939)",1,13,['MinDist5:34438'],['F5']
chr1,"(3717569, 3717597)",2,28,['MinDist5:32780'],['F5']
chr1,"(3717571, 3717599)",1,28,['MinDist5:32778'],['F5']
chr1,"(3718155, 3718177)",1,22,['MinDist5:32200'],['F5']
chr1,"(3718843, 3718863)",1,20,['MinDist5:31514'],['F5']
chr1,"(3718848, 3718863)",1,15,['MinDist5:31514'],['F5']
chr1,"(3718867, 3718877)",1,10,['MinDist5:31500'],['F5']
chr1,"(3718928, 3718943)",1,15,['MinDist5:31434'],['F5']
chr1,"(3718934, 3718955)",1,21,['MinDist5:31422'],['F5']
chr1,"(3719104, 3719120)",1,16,['MinDist5:31257'],['F5']
chr1,"(3719378, 3719390)",1,12,['MinDist5:30987'],['F5']
chr1,"(3719578, 3719601)",1,23,['MinDist5:30776'],['F5']
chr1,"(3719831, 3719844)",1,13,['MinDist5:30533'],['F5']
chr1,"(3719883, 3719902)",1,19,['MinDist5:30475'],['F5']
chr1,"(3720612, 3720640)",1,28,['MinDist5:29737'],['F5']
chr1,"(3721018, 3721046)",1,28,['MinDist5:29331'],['F5']
chr1,"(3722081, 3722101)",1,20,['MinDist5:28276'],['F5']
chr1,"(3722120, 3722148)",4,28,['MinDist5:28229'],['F5']
chr1,"(3722369, 3722382)",1,13,['MinDist5:27995'],['F5']
chr1,"(3722839, 3722866)",2,27,['MinDist5:27511'],['F5']
chr1,"(3722947, 3722962)",1,15,['MinDist5:27415'],['F5']
chr1,"(3723818, 3723839)",1,21,['MinDist5:26538'],['F5']
chr1,"(3724273, 3724301)",2,28,['MinDist5:26076'],['F5']
chr1,"(3724473, 3724498)",1,25,['MinDist5:25879'],['F5']
chr1,"(3724852, 3724878)",1,26,['MinDist5:25499'],['F5']
chr1,"(3724859, 3724877)",1,18,['MinDist5:25500'],['F5']
chr1,"(3727576, 3727590)",1,14,['MinDist5:22787'],['F5']
chr1,"(3728059, 3728071)",2,12,['MinDist5:22306'],['F5']
chr1,"(3728382, 3728396)",1,14,['MinDist5:21981'],['F5']
chr1,"(3729407, 3729433)",1,26,['MinDist5:20944'],['F5']
chr1,"(3730535, 3730563)",2,28,['MinDist5:19814'],['F5']
chr1,"(3731099, 3731127)",2,28,['MinDist5:19250'],['F5']
chr1,"(3732063, 3732086)",1,23,['MinDist5:18291'],['F5']
chr1,"(3732601, 3732616)",1,15,['MinDist5:17761'],['F5']
chr1,"(3735226, 3735254)",2,28,['MinDist5:15123'],['F5']
chr1,"(3735991, 3736016)",1,25,['MinDist5:14361'],['F5']
chr1,"(3735992, 3736015)",1,23,['MinDist5:14362'],['F5']
chr1,"(3736265, 3736291)",2,26,['MinDist5:14086'],['F5']
chr1,"(3736563, 3736582)",1,19,['MinDist5:13795'],['F5']
chr1,"(3736563, 3736581)",1,18,['MinDist5:13796'],['F5']
chr1,"(3736688, 3736716)",1,28,['MinDist5:13661'],['F5']
chr1,"(3737373, 3737398)",1,25,['MinDist5:12979'],['F5']
chr1,"(3737406, 3737434)",1,28,['MinDist5:12943'],['F5']
chr1,"(3737488, 3737516)",1,28,['MinDist5:12861'],['F5']
chr1,"(3740517, 3740543)",1,26,['MinDist5:9834'],['F5']
chr1,"(3740700, 3740719)",1,19,['MinDist5:9658'],['F5']
chr1,"(3743221, 3743237)",3,16,['MinDist5:7140'],['F5']
chr1,"(3745102, 3745116)",1,14,['MinDist5:5261'],['F5']
chr1,"(3747132, 3747142)",3,10,['MinDist5:3235'],['F5']
chr1,"(3748983, 3748993)",1,10,['MinDist5:1384'],['F5']
chr1,"(3750932, 3750943)",2,11,['Gm10568-201'],['A']
chr1,"(3757576, 3757592)",1,16,['MinDist3:5565'],['F3']
chr1,"(3757697, 3757711)",1,14,['MinDist3:5686'],['F3']
chr1,"(3757983, 3757994)",1,11,['MinDist3:5972'],['F3']
chr1,"(3759146, 3759159)",1,13,['MinDist3:7135'],['F3']
chr1,"(3759390, 3759401)",1,11,['MinDist3:7379'],['F3']
chr1,"(3759798, 3759808)",1,10,['MinDist3:7787'],['F3']
chr1,"(3761129, 3761141)",1,12,['MinDist3:9118'],['F3']
chr1,"(3762276, 3762286)",1,10,['MinDist3:10265'],['F3']
chr1,"(3772068, 3772088)",1,20,['MinDist3:20057'],['F3']
chr1,"(3772590, 3772605)",1,15,['MinDist3:20579'],['F3']
chr1,"(3775354, 3775364)",1,10,['MinDist3:23343'],['F3']
chr1,"(3777284, 3777296)",1,12,['MinDist3:25273'],['F3']
chr1,"(3781241, 3781253)",1,12,['MinDist3:29230'],['F3']
chr1,"(3781373, 3781387)",2,14,['MinDist3:29362'],['F3']
chr1,"(3786185, 3786198)",1,13,['MinDist3:34174'],['F3']
chr1,"(3786477, 3786489)",1,12,['MinDist3:34466'],['F3']
chr1,"(3788287, 3788300)",1,13,['MinDist5:33932'],['F5']
chr1,"(3790343, 3790356)",1,13,['MinDist5:31876'],['F5']
chr1,"(3792776, 3792787)",1,11,['MinDist5:29445'],['F5']
chr1,"(3797752, 3797761)",2,9,['MinDist5:24471'],['F5']
chr1,"(3798668, 3798681)",1,13,['MinDist5:23551'],['F5']
chr1,"(3802230, 3802241)",1,11,['MinDist5:19991'],['F5']
chr1,"(3803037, 3803047)",1,10,['MinDist5:19185'],['F5']
chr1,"(3808108, 3808122)",1,14,['MinDist5:14110'],['F5']
chr1,"(3811916, 3811926)",1,10,['MinDist5:10306'],['F5']
chr1,"(3823090, 3823103)",3,13,['Gm38385-201'],['A']
chr1,"(3823169, 3823181)",1,12,['Gm38385-201'],['A']
chr1,"(3823973, 3823981)",1,8,['Gm38385-201'],['A']
chr1,"(3827609, 3827620)",1,11,['MinDist3:3026'],['F3']
chr1,"(3827740, 3827753)",2,13,['MinDist3:3157'],['F3']
chr1,"(3829635, 3829648)",1,13,['MinDist3:5052'],['F3']
chr1,"(3830879, 3830892)",1,13,['MinDist3:6296'],['F3']
chr1,"(3834340, 3834358)",1,18,['MinDist3:9757'],['F3']
chr1,"(3843500, 3843512)",2,12,['MinDist3:18917'],['F3']
chr1,"(3845463, 3845474)",1,11,['MinDist3:20880'],['F3']
chr1,"(3847326, 3847336)",1,10,['MinDist3:22743'],['F3']
chr1,"(3849612, 3849624)",1,12,['MinDist3:25029'],['F3']
chr1,"(3851547, 3851558)",1,11,['MinDist3:26964'],['F3']
chr1,"(3852435, 3852448)",1,13,['MinDist3:27852'],['F3']
chr1,"(3852906, 3852924)",2,18,['MinDist3:28323'],['F3']
chr1,"(3858746, 3858758)",1,12,['MinDist3:34163'],['F3']
chr1,"(3865083, 3865094)",2,11,['MinDist3:40500'],['F3']
chr1,"(3867184, 3867199)",12,15,['MinDist3:42601'],['F3']
chr1,"(3867184, 3867204)",1,20,['MinDist3:42601'],['F3']
chr1,"(3867184, 3867206)",1,22,['MinDist3:42601'],['F3']
chr1,"(3867184, 3867205)",1,21,['MinDist3:42601'],['F3']
chr1,"(3867571, 3867583)",1,12,['MinDist3:42988'],['F3']
chr1,"(3868782, 3868792)",1,10,['MinDist3:44199'],['F3']
chr1,"(3869933, 3869942)",1,9,['MinDist3:45350'],['F3']
chr1,"(3870730, 3870740)",1,10,['MinDist3:46147'],['F3']
chr1,"(3872755, 3872768)",1,13,['MinDist3:48172'],['F3']
chr1,"(3874475, 3874490)",2,15,['MinDist3:49892'],['F3']
chr1,"(3876326, 3876341)",8,15,['MinDist3:51743'],['F3']
chr1,"(3876326, 3876345)",2,19,['MinDist3:51743'],['F3']
chr1,"(3876326, 3876344)",1,18,['MinDist3:51743'],['F3']
chr1,"(3876326, 3876348)",1,22,['MinDist3:51743'],['F3']
chr1,"(3876326, 3876349)",1,23,['MinDist3:51743'],['F3']
chr1,"(3880251, 3880262)",1,11,['MinDist3:55668'],['F3']
chr1,"(3882727, 3882743)",1,16,['MinDist3:58144'],['F3']
chr1,"(3888592, 3888604)",1,12,['MinDist3:64009'],['F3']
chr1,"(3890669, 3890685)",1,16,['MinDist3:66086'],['F3']
chr1,"(3899717, 3899727)",1,10,['MinDist3:75134'],['F3']
chr1,"(3900995, 3901008)",1,13,['MinDist3:76412'],['F3']
chr1,"(3902877, 3902901)",1,24,['MinDist3:78294'],['F3']
chr1,"(3907545, 3907558)",1,13,['MinDist3:82962'],['F3']
chr1,"(3914278, 3914292)",1,14,['MinDist3:89695'],['F3']
chr1,"(3914720, 3914734)",2,14,['MinDist3:90137'],['F3']
chr1,"(3917703, 3917731)",1,28,['MinDist3:93120'],['F3']
chr1,"(3922530, 3922542)",3,12,['MinDist3:97947'],['F3']
chr1,"(3923264, 3948449)",1,25185,[],['S']
chr1,"(3926205, 3926217)",1,12,['MinDist3:101622'],['F3']
chr1,"(3927010, 3927025)",1,15,['MinDist3:102427'],['F3']
chr1,"(3929915, 3929926)",1,11,['MinDist3:105332'],['F3']
chr1,"(3933648, 3933659)",1,11,['MinDist3:109065'],['F3']
chr1,"(3935774, 3935785)",1,11,['MinDist3:111191'],['F3']
chr1,"(3940594, 3940608)",5,14,['MinDist3:116011'],['F3']
chr1,"(3940594, 3940619)",1,25,['MinDist3:116011'],['F3']
chr1,"(3944357, 3944371)",2,14,['MinDist3:119774'],['F3']
chr1,"(3945088, 3945103)",1,15,['MinDist3:120505'],['F3']
chr1,"(3946703, 3946715)",1,12,['MinDist3:122120'],['F3']
chr1,"(3948080, 3948091)",1,11,['MinDist3:123497'],['F3']
chr1,"(3961442, 3961454)",1,12,['MinDist3:136859'],['F3']
chr1,"(3962324, 3962339)",4,15,['MinDist3:137741'],['F3']
chr1,"(3963990, 3964005)",1,15,['MinDist3:139407'],['F3']
chr1,"(3965164, 3965175)",1,11,['MinDist3:140581'],['F3']
chr1,"(3970603, 3970614)",1,11,['MinDist3:146020'],['F3']
chr1,"(3982023, 3982034)",1,11,['MinDist3:157440'],['F3']
chr1,"(3982625, 3982643)",1,18,['MinDist3:158042'],['F3']
chr1,"(3985462, 3985478)",2,16,['MinDist3:160879'],['F3']
chr1,"(3987219, 3987233)",1,14,['MinDist3:162636'],['F3']
chr1,"(3990467, 3990485)",3,18,['MinDist3:165884'],['F3']
chr1,"(4010865, 4010879)",1,14,['MinDist3:186282'],['F3']
chr1,"(4011317, 4011332)",1,15,['MinDist3:186734'],['F3']
chr1,"(4018527, 4018542)",1,15,['MinDist3:193944'],['F3']
chr1,"(4020203, 4020214)",1,11,['MinDist3:195620'],['F3']
chr1,"(4022757, 4022775)",1,18,['MinDist3:198174'],['F3']
chr1,"(4026777, 4026790)",1,13,['MinDist3:202194'],['F3']
chr1,"(4039643, 4039658)",1,15,['MinDist3:215060'],['F3']
chr1,"(4042482, 4042493)",2,11,['MinDist3:217899'],['F3']
chr1,"(4046202, 4046214)",1,12,['MinDist3:221619'],['F3']
chr1,"(4049186, 4049196)",2,10,['MinDist3:224603'],['F3']
chr1,"(4049439, 4049457)",2,18,['MinDist3:224856'],['F3']
chr1,"(4049439, 4049458)",1,19,['MinDist3:224856'],['F3']
chr1,"(4049439, 4049455)",5,16,['MinDist3:224856'],['F3']
chr1,"(4053302, 4053312)",1,10,['MinDist3:228719'],['F3']
chr1,"(4058908, 4058918)",1,10,['MinDist3:234325'],['F3']
chr1,"(4085356, 4085366)",1,10,['MinDist3:260773'],['F3']
chr1,"(4085910, 4085922)",1,12,['MinDist3:261327'],['F3']
chr1,"(4086785, 4086797)",1,12,['MinDist3:262202'],['F3']
chr1,"(4088050, 4088064)",1,14,['MinDist3:263467'],['F3']
chr1,"(4114152, 4114169)",1,17,['MinDist3:289569'],['F3']
chr1,"(4114490, 4114502)",1,12,['MinDist3:289907'],['F3']
chr1,"(4156196, 4156211)",1,15,['MinDist3:331613'],['F3']
chr1,"(4162280, 4162295)",1,15,['MinDist3:337697'],['F3']
chr1,"(4169400, 4169414)",1,14,['MinDist3:344817'],['F3']
chr1,"(4186592, 4186603)",1,11,['MinDist3:362009'],['F3']
chr1,"(4191306, 4191320)",1,14,['MinDist3:366723'],['F3']
chr1,"(4196886, 4196900)",1,14,['MinDist5:370796'],['F5']
chr1,"(4201536, 4201550)",2,14,['MinDist5:366146'],['F5']
chr1,"(4211620, 4211633)",1,13,['MinDist5:356063'],['F5']
chr1,"(4213455, 4213476)",1,21,['MinDist5:354220'],['F5']
chr1,"(4217435, 4217448)",1,13,['MinDist5:350248'],['F5']
chr1,"(4238088, 4238104)",1,16,['MinDist5:329592'],['F5']
chr1,"(4241943, 4241955)",1,12,['MinDist5:325741'],['F5']
chr1,"(4249982, 4250010)",1,28,['MinDist5:317686'],['F5']
chr1,"(4255047, 4255059)",1,12,['MinDist5:312637'],['F5']
chr1,"(4255345, 4255360)",1,15,['MinDist5:312336'],['F5']
chr1,"(4264642, 4264660)",1,18,['MinDist5:303036'],['F5']
chr1,"(4264642, 4264659)",1,17,['MinDist5:303037'],['F5']
chr1,"(4264922, 4264938)",3,16,['MinDist5:302758'],['F5']
chr1,"(4264922, 4264939)",1,17,['MinDist5:302757'],['F5']
chr1,"(4264922, 4264941)",1,19,['MinDist5:302755'],['F5']
chr1,"(4275160, 4275175)",1,15,['MinDist5:292521'],['F5']
chr1,"(4275628, 4275642)",1,14,['MinDist5:292054'],['F5']
chr1,"(4277565, 4277580)",2,15,['MinDist5:290116'],['F5']
chr1,"(4294587, 4294598)",2,11,['MinDist5:273098'],['F5']
chr1,"(4329894, 4329905)",2,11,['MinDist5:237791'],['F5']
chr1,"(4344366, 4344379)",1,13,['MinDist5:223317'],['F5']
chr1,"(4345074, 4345087)",1,13,['MinDist5:222609'],['F5']
chr1,"(4348580, 4348593)",1,13,['MinDist5:219103'],['F5']
chr1,"(4349705, 4349723)",1,18,['MinDist5:217973'],['F5']
chr1,"(4354790, 4354812)",1,22,['MinDist5:212884'],['F5']
chr1,"(4376937, 4376948)",1,11,['MinDist5:190748'],['F5']
chr1,"(4377435, 4377457)",1,22,['MinDist5:190239'],['F5']
chr1,"(4385778, 4385793)",1,15,['MinDist5:181903'],['F5']
chr1,"(4387375, 4387388)",1,13,['MinDist5:180308'],['F5']
chr1,"(4392898, 4392912)",1,14,['MinDist5:174784'],['F5']
chr1,"(4403976, 4403988)",1,12,['MinDist5:163708'],['F5']
chr1,"(4405376, 4405392)",1,16,['MinDist5:162304'],['F5']
chr1,"(4406942, 4406966)",1,24,['MinDist5:160730'],['F5']
chr1,"(4419571, 4419586)",1,15,['MinDist5:148110'],['F5']
chr1,"(4422858, 4422869)",1,11,['MinDist5:144827'],['F5']
chr1,"(4430775, 4430788)",1,13,['MinDist5:136908'],['F5']
chr1,"(4438263, 4527719)",1,89456,[],['S']
chr1,"(4438689, 4438701)",1,12,['MinDist5:128995'],['F5']
chr1,"(4440256, 4440270)",1,14,['MinDist5:127426'],['F5']
chr1,"(4451074, 4451085)",1,11,['MinDist5:116611'],['F5']
chr1,"(4460717, 4460730)",2,13,['MinDist5:106966'],['F5']
chr1,"(4463471, 4463482)",1,11,['MinDist5:104214'],['F5']
chr1,"(4465960, 4465971)",1,11,['MinDist5:101725'],['F5']
chr1,"(4470437, 4470451)",2,14,['MinDist5:97245'],['F5']
chr1,"(4481768, 4481783)",1,15,['MinDist5:85913'],['F5']
chr1,"(4484865, 4484880)",1,15,['MinDist5:82816'],['F5']
chr1,"(4485516, 4485526)",2,10,['MinDist5:82170'],['F5']
chr1,"(4490334, 4490345)",2,11,['MinDist5:77351'],['F5']
chr1,"(4492705, 4492717)",1,12,['MinDist5:74979'],['F5']
chr1,"(4494848, 4494862)",1,14,['MinDist5:72834'],['F5']
chr1,"(4499974, 4499985)",1,11,['MinDist5:67711'],['F5']
chr1,"(4503359, 4503375)",1,16,['MinDist5:64321'],['F5']
chr1,"(4504651, 4504663)",1,12,['MinDist5:63033'],['F5']
chr1,"(4514415, 4514427)",1,12,['MinDist5:53269'],['F5']
chr1,"(4517060, 4517073)",1,13,['MinDist5:50623'],['F5']
chr1,"(4522453, 4522465)",2,12,['MinDist5:45231'],['F5']
chr1,"(4523097, 4523108)",1,11,['MinDist5:44588'],['F5']
chr1,"(4524447, 4524459)",1,12,['MinDist5:43237'],['F5']
chr1,"(4525074, 4525090)",1,16,['MinDist5:42606'],['F5']
chr1,"(4525998, 4526008)",1,10,['MinDist5:41688'],['F5']
chr1,"(4526319, 4526336)",2,17,['MinDist5:41360'],['F5']
chr1,"(4527696, 4527719)",1,23,['MinDist5:39977'],['F5']
chr1,"(4527700, 4527719)",2,19,['MinDist5:39977'],['F5']
chr1,"(4527701, 4527719)",1,18,['MinDist5:39977'],['F5']
chr1,"(4527702, 4527719)",1,17,['MinDist5:39977'],['F5']
chr1,"(4527703, 4527719)",2,16,['MinDist5:39977'],['F5']
chr1,"(4529552, 4529566)",1,14,['MinDist5:38130'],['F5']
chr1,"(4531744, 4531754)",1,10,['MinDist5:35942'],['F5']
chr1,"(4532402, 4532414)",1,12,['MinDist5:35282'],['F5']
chr1,"(4534320, 4534332)",1,12,['MinDist5:33364'],['F5']
chr1,"(4534660, 4534670)",1,10,['MinDist5:33026'],['F5']
chr1,"(4534864, 4534875)",1,11,['MinDist5:32821'],['F5']
chr1,"(4536676, 4536695)",1,19,['MinDist5:31001'],['F5']
chr1,"(4536691, 4536709)",1,18,['MinDist5:30987'],['F5']
chr1,"(4536968, 4536979)",1,11,['MinDist5:30717'],['F5']
chr1,"(4540092, 4540108)",3,16,['MinDist5:27588'],['F5']
chr1,"(4541448, 4541465)",1,17,['MinDist5:26231'],['F5']
chr1,"(4543568, 4543588)",1,20,['MinDist5:24108'],['F5']
chr1,"(4543576, 4543588)",4,12,['MinDist5:24108'],['F5']
chr1,"(4543787, 4543798)",1,11,['MinDist5:23898'],['F5']
chr1,"(4546245, 4546257)",1,12,['MinDist5:21439'],['F5']
chr1,"(4547466, 4547478)",1,12,['MinDist5:20218'],['F5']
chr1,"(4550648, 4550664)",1,16,['MinDist5:17032'],['F5']
chr1,"(4559946, 4559959)",2,13,['MinDist5:7737'],['F5']
chr1,"(4560073, 4560084)",2,11,['MinDist5:7612'],['F5']
chr1,"(4560789, 4560805)",4,16,['MinDist5:6891'],['F5']
chr1,"(4561301, 4561312)",1,11,['MinDist5:6384'],['F5']
chr1,"(4562386, 4562394)",1,8,['MinDist5:5302'],['F5']
chr1,"(4563467, 4563482)",1,15,['MinDist5:4214'],['F5']
chr1,"(4563865, 4563878)",1,13,['MinDist5:3818'],['F5']
chr1,"(4564483, 4564493)",3,10,['MinDist5:3203'],['F5']
chr1,"(4564946, 4564973)",1,27,['MinDist5:2723'],['F5']
chr1,"(4568645, 4568660)",1,15,"[['Gm37587-202', 2, 3.0]]",['U']
chr1,"(4569535, 4569546)",1,11,"[['Gm37587-202', 2, 3.0]]",['U']
chr1,"(4572011, 4572023)",1,12,['MinDist3:2230'],['F3']
chr1,"(4573899, 4573914)",1,15,['MinDist3:4118'],['F3']
chr1,"(4574265, 4574279)",1,14,['MinDist3:4484'],['F3']
chr1,"(4574631, 4574642)",1,11,['MinDist3:4850'],['F3']
chr1,"(4576745, 4576765)",1,20,['MinDist3:6964'],['F3']
chr1,"(4577226, 4577236)",2,10,['MinDist3:7445'],['F3']
chr1,"(4578306, 4578320)",3,14,['MinDist3:8525'],['F3']
chr1,"(4578589, 4578603)",1,14,['MinDist3:8808'],['F3']
chr1,"(4580813, 4580835)",1,22,['MinDist3:11032'],['F3']
chr1,"(4583028, 4583039)",1,11,['MinDist5:10088'],['F5']
chr1,"(4589214, 4589228)",1,14,['MinDist5:3899'],['F5']
chr1,"(4590264, 4590275)",2,11,['MinDist5:2852'],['F5']
chr1,"(4591815, 4591827)",1,12,['MinDist5:1300'],['F5']
chr1,"(4591862, 4591881)",1,19,['MinDist5:1246'],['F5']
chr1,"(4592120, 4592135)",1,15,['MinDist5:992'],['F5']
chr1,"(4592217, 4592228)",2,11,['MinDist5:899'],['F5']
chr1,"(4595483, 4595494)",2,11,['MinDist5:3745'],['F5']
chr1,"(4595958, 4595968)",1,10,['MinDist5:3271'],['F5']
chr1,"(4597620, 4597634)",3,14,['MinDist3:660'],['F3']
chr1,"(4601983, 4601995)",1,12,['MinDist3:2637'],['F3']
chr1,"(4602286, 4602296)",1,10,['MinDist3:2940'],['F3']
chr1,"(4602625, 4602639)",12,14,['MinDist3:3279'],['F3']
chr1,"(4602625, 4602644)",1,19,['MinDist3:3279'],['F3']
chr1,"(4603426, 4603438)",1,12,['MinDist3:4080'],['F3']
chr1,"(4603998, 4604010)",1,12,['MinDist3:4652'],['F3']
chr1,"(4604335, 4604350)",1,15,['MinDist3:4989'],['F3']
chr1,"(4607013, 4607028)",1,15,['MinDist3:7667'],['F3']
chr1,"(4607551, 4607563)",3,12,['MinDist3:8205'],['F3']
chr1,"(4608134, 4608144)",1,10,['MinDist3:8788'],['F3']
chr1,"(4608553, 4608563)",1,10,['MinDist3:9207'],['F3']
chr1,"(4608692, 4608707)",1,15,['MinDist3:9346'],['F3']
chr1,"(4609646, 4609659)",1,13,['MinDist3:10300'],['F3']
chr1,"(4610447, 4610461)",1,14,['MinDist3:11101'],['F3']
chr1,"(4611325, 4611336)",1,11,['MinDist3:11979'],['F3']
chr1,"(4612296, 4612307)",1,11,['MinDist3:12950'],['F3']
chr1,"(4612633, 4612644)",1,11,['MinDist3:13287'],['F3']
chr1,"(4613524, 4613534)",2,10,['MinDist3:14178'],['F3']
chr1,"(4613576, 4613587)",1,11,['MinDist3:14230'],['F3']
chr1,"(4621267, 4621278)",1,11,['MinDist3:21921'],['F3']
chr1,"(4621459, 4621473)",3,14,['MinDist3:22113'],['F3']
chr1,"(4622916, 4622927)",1,11,['MinDist3:23570'],['F3']
chr1,"(4623206, 4623224)",2,18,['MinDist3:23860'],['F3']
chr1,"(4625421, 4625431)",1,10,['MinDist3:26075'],['F3']
chr1,"(4626601, 4626614)",1,13,['MinDist3:27255'],['F3']
chr1,"(4627078, 4627089)",1,11,['MinDist3:27732'],['F3']
chr1,"(4627574, 4627582)",1,8,['MinDist3:28228'],['F3']
chr1,"(4627999, 4628011)",2,12,['MinDist3:28653'],['F3']
chr1,"(4628728, 4628755)",1,27,['MinDist3:29382'],['F3']
chr1,"(4637762, 4637770)",1,8,['MinDist3:38416'],['F3']
chr1,"(4638218, 4638228)",2,10,['MinDist3:38872'],['F3']
chr1,"(4641435, 4641446)",2,11,['MinDist5:39247'],['F5']
chr1,"(4642549, 4642562)",1,13,['MinDist5:38131'],['F5']
chr1,"(4646957, 4646969)",1,12,['MinDist5:33724'],['F5']
chr1,"(4647663, 4647678)",1,15,['MinDist5:33015'],['F5']
chr1,"(4648791, 4648803)",1,12,['MinDist5:31890'],['F5']
chr1,"(4651453, 4651464)",1,11,['MinDist5:29229'],['F5']
chr1,"(4652418, 4652431)",5,13,['MinDist5:28262'],['F5']
chr1,"(4652698, 4652710)",1,12,['MinDist5:27983'],['F5']
chr1,"(4653578, 4653588)",1,10,['MinDist5:27105'],['F5']
chr1,"(4653807, 4653818)",1,11,['MinDist5:26875'],['F5']
chr1,"(4655058, 4655075)",2,17,['MinDist5:25618'],['F5']
chr1,"(4655087, 4655109)",1,22,['MinDist5:25584'],['F5']
chr1,"(4655543, 4655555)",2,12,['MinDist5:25138'],['F5']
chr1,"(4655813, 4655828)",1,15,['MinDist5:24865'],['F5']
chr1,"(4656762, 4656775)",2,13,['MinDist5:23918'],['F5']
chr1,"(4658278, 4658289)",1,11,['MinDist5:22404'],['F5']
chr1,"(4658291, 4658306)",1,15,['MinDist5:22387'],['F5']
chr1,"(4658303, 4658318)",1,15,['MinDist5:22375'],['F5']
chr1,"(4658370, 4658381)",1,11,['MinDist5:22312'],['F5']
chr1,"(4658647, 4658658)",1,11,['MinDist5:22035'],['F5']
chr1,"(4660379, 4660391)",1,12,['MinDist5:20302'],['F5']
chr1,"(4660692, 4660701)",1,9,['MinDist5:19992'],['F5']
chr1,"(4662821, 4662832)",1,11,['MinDist5:17861'],['F5']
chr1,"(4663263, 4663273)",3,10,['MinDist5:17420'],['F5']
chr1,"(4663442, 4663452)",3,10,['MinDist5:17241'],['F5']
chr1,"(4664111, 4664121)",1,10,['MinDist5:16572'],['F5']
chr1,"(4664148, 4664161)",3,13,['MinDist5:16532'],['F5']
chr1,"(4665548, 4665558)",1,10,['MinDist5:15135'],['F5']
chr1,"(4665661, 4665672)",2,11,['MinDist5:15021'],['F5']
chr1,"(4666146, 4666156)",1,10,['MinDist5:14537'],['F5']
chr1,"(4666823, 4666844)",1,21,['MinDist5:13849'],['F5']
chr1,"(4666823, 4666837)",2,14,['MinDist5:13856'],['F5']
chr1,"(4666979, 4666992)",1,13,['MinDist5:13701'],['F5']
chr1,"(4668190, 4668202)",1,12,['MinDist5:12491'],['F5']
chr1,"(4669581, 4669592)",2,11,['MinDist5:11101'],['F5']
chr1,"(4669628, 4669640)",1,12,['MinDist5:11053'],['F5']
chr1,"(4669809, 4669822)",1,13,['MinDist5:10871'],['F5']
chr1,"(4670047, 4670059)",1,12,['MinDist5:10634'],['F5']
chr1,"(4670442, 4670451)",1,9,['MinDist5:10242'],['F5']
chr1,"(4670442, 4670460)",1,18,['MinDist5:10233'],['F5']
chr1,"(4670442, 4670454)",1,12,['MinDist5:10239'],['F5']
chr1,"(4670442, 4670467)",1,25,['MinDist5:10226'],['F5']
chr1,"(4670569, 4670581)",2,12,['MinDist5:10112'],['F5']
chr1,"(4670984, 4670995)",1,11,['MinDist5:9698'],['F5']
chr1,"(4671136, 4671146)",1,10,['MinDist5:9547'],['F5']
chr1,"(4671340, 4671360)",1,20,['MinDist5:9333'],['F5']
chr1,"(4671662, 4671673)",2,11,['MinDist5:9020'],['F5']
chr1,"(4671922, 4671939)",1,17,['MinDist5:8754'],['F5']
chr1,"(4672053, 4672067)",1,14,['MinDist5:8626'],['F5']
chr1,"(4672625, 4672639)",1,14,['MinDist5:8054'],['F5']
chr1,"(4672779, 4672790)",1,11,['MinDist5:7903'],['F5']
chr1,"(4672884, 4672896)",2,12,['MinDist5:7797'],['F5']
chr1,"(4673315, 4673327)",1,12,['MinDist5:7366'],['F5']
chr1,"(4673921, 4673934)",1,13,['MinDist5:6759'],['F5']
chr1,"(4674044, 4674071)",1,27,['MinDist5:6622'],['F5']
chr1,"(4674802, 4674814)",1,12,['MinDist5:5879'],['F5']
chr1,"(4676478, 4676489)",1,11,['MinDist5:4204'],['F5']
chr1,"(4679417, 4679435)",1,18,['MinDist5:1258'],['F5']
chr1,"(4679759, 4679773)",1,14,['MinDist5:920'],['F5']
chr1,"(4679866, 4679876)",2,10,['MinDist5:817'],['F5']
chr1,"(4681123, 4681134)",1,11,['Gm7369-201'],['A']
chr1,"(4681458, 4681472)",1,14,['Gm7369-201'],['A']
chr1,"(4681460, 4681471)",2,11,['Gm7369-201'],['A']
chr1,"(4682389, 4682401)",1,12,['MinDist3:760'],['F3']
chr1,"(4682418, 4682428)",1,10,['MinDist3:789'],['F3']
chr1,"(4682681, 4682692)",2,11,['MinDist3:1052'],['F3']
chr1,"(4683205, 4683217)",1,12,['MinDist3:1576'],['F3']
chr1,"(4683961, 4683972)",2,11,['MinDist3:2332'],['F3']
chr1,"(4685541, 4685557)",1,16,['MinDist3:3912'],['F3']
chr1,"(4685745, 4685755)",1,10,['MinDist3:4116'],['F3']
chr1,"(4685913, 4685923)",1,10,['MinDist3:4284'],['F3']
chr1,"(4686036, 4686046)",1,10,['MinDist3:4407'],['F3']
chr1,"(4686524, 4686533)",1,9,['MinDist3:4895'],['F3']
